model,feature,data_type,units,description,allowable,user_input_guidance
ResStock,in.hvac_cooling_type,string,n/a,Presence and type of cooling system,Central AC|Ducted Heat Pump|Non-Ducted Heat Pump|None|Room AC,Categorical: must match allowable enumerations in TSV or '__MISSING__'.
ResStock,in.energystar_climate_zone_2023,string,n/a,"Climate zones for windows, doors, and skylights per EnergyStar guidelines as of 2023",North-Central|Northern|South-Central|Southern,Categorical: must match allowable enumerations in TSV or '__MISSING__'.
ResStock,in.misc_pool_heater,string,n/a,Presence and fuel type of pool heater,Electricity|Natural Gas|None|Other Fuel,Categorical: must match allowable enumerations in TSV or '__MISSING__'.
ResStock,in.overhangs,string,n/a,"Presence, depth, and location of window overhangs",None,Categorical: must match allowable enumerations in TSV or '__MISSING__'.
ResStock,in.geometry_space_combination,string,n/a,"Valid combinations of building type, building level mf, attic, foundation, and garage","Mobile Home, Ambient, No Attic, No Garage|Multi-Family with 2 - 4 Units Bottom Unit, Slab, No Attic, No Garage|Multi-Family with 2 - 4 Units Bottom Unit, Unheated Basement, No Attic, No Garage|Multi-Family with 2 - 4 Units Bottom Unit, Unvented Crawlspace, No Attic, No Garage|Multi-Family with 2 - 4 Units Bottom Unit, Vented Crawlspace, No Attic, No Garage|Multi-Family with 2 - 4 Units Middle Unit, Slab, No Attic, No Garage|Multi-Family with 2 - 4 Units Middle Unit, Unheated Basement, No Attic, No Garage|Multi-Family with 2 - 4 Units Middle Unit, Unvented Crawlspace, No Attic, No Garage|Multi-Family with 2 - 4 Units Middle Unit, Vented Crawlspace, No Attic, No Garage|Multi-Family with 2 - 4 Units Top Unit, Slab, No Attic, No Garage|Multi-Family with 2 - 4 Units Top Unit, Unheated Basement, No Attic, No Garage|Multi-Family with 2 - 4 Units Top Unit, Unvented Crawlspace, No Attic, No Garage|Multi-Family with 2 - 4 Units Top Unit, Vented Crawlspace, No Attic, No Garage|Multi-Family with 5+ Units Bottom Unit, Slab, No Attic, No Garage|Multi-Family with 5+ Units Bottom Unit, Unheated Basement, No Attic, No Garage|Multi-Family with 5+ Units Bottom Unit, Unvented Crawlspace, No Attic, No Garage|Multi-Family with 5+ Units Bottom Unit, Vented Crawlspace, No Attic, No Garage|Multi-Family with 5+ Units Middle Unit, Slab, No Attic, No Garage|Multi-Family with 5+ Units Middle Unit, Unheated Basement, No Attic, No Garage|Multi-Family with 5+ Units Middle Unit, Unvented Crawlspace, No Attic, No Garage|Multi-Family with 5+ Units Middle Unit, Vented Crawlspace, No Attic, No Garage|Multi-Family with 5+ Units Top Unit, Slab, No Attic, No Garage|Multi-Family with 5+ Units Top Unit, Unheated Basement, No Attic, No Garage|Multi-Family with 5+ Units Top Unit, Unvented Crawlspace, No Attic, No Garage|Multi-Family with 5+ Units Top Unit, Vented Crawlspace, No Attic, No Garage|Single-Family Attached, Heated Basement, Finished Attic, No Garage|Single-Family Attached, Heated Basement, No Attic, No Garage|Single-Family Attached, Heated Basement, Unvented Attic, No Garage|Single-Family Attached, Heated Basement, Vented Attic, No Garage|Single-Family Attached, Slab, Finished Attic, No Garage|Single-Family Attached, Slab, No Attic, No Garage|Single-Family Attached, Slab, Unvented Attic, No Garage|Single-Family Attached, Slab, Vented Attic, No Garage|Single-Family Attached, Unheated Basement, Finished Attic, No Garage|Single-Family Attached, Unheated Basement, No Attic, No Garage|Single-Family Attached, Unheated Basement, Unvented Attic, No Garage|Single-Family Attached, Unheated Basement, Vented Attic, No Garage|Single-Family Attached, Unvented Crawlspace, Finished Attic, No Garage|Single-Family Attached, Unvented Crawlspace, No Attic, No Garage|Single-Family Attached, Unvented Crawlspace, Unvented Attic, No Garage|Single-Family Attached, Unvented Crawlspace, Vented Attic, No Garage|Single-Family Attached, Vented Crawlspace, Finished Attic, No Garage|Single-Family Attached, Vented Crawlspace, No Attic, No Garage|Single-Family Attached, Vented Crawlspace, Unvented Attic, No Garage|Single-Family Attached, Vented Crawlspace, Vented Attic, No Garage|Single-Family Detached, Ambient, Finished Attic, No Garage|Single-Family Detached, Ambient, No Attic, No Garage|Single-Family Detached, Ambient, Unvented Attic, No Garage|Single-Family Detached, Ambient, Vented Attic, No Garage|Single-Family Detached, Heated Basement, Finished Attic, 1 Car Garage|Single-Family Detached, Heated Basement, Finished Attic, 2 Car Garage|Single-Family Detached, Heated Basement, Finished Attic, 3 Car Garage|Single-Family Detached, Heated Basement, Finished Attic, No Garage|Single-Family Detached, Heated Basement, No Attic, 1 Car Garage|Single-Family Detached, Heated Basement, No Attic, 2 Car Garage|Single-Family Detached, Heated Basement, No Attic, 3 Car Garage|Single-Family Detached, Heated Basement, No Attic, No Garage|Single-Family Detached, Heated Basement, Unvented Attic, 1 Car Garage|Single-Family Detached, Heated Basement, Unvented Attic, 2 Car Garage|Single-Family Detached, Heated Basement, Unvented Attic, 3 Car Garage|Single-Family Detached, Heated Basement, Unvented Attic, No Garage|Single-Family Detached, Heated Basement, Vented Attic, 1 Car Garage|Single-Family Detached, Heated Basement, Vented Attic, 2 Car Garage|Single-Family Detached, Heated Basement, Vented Attic, 3 Car Garage|Single-Family Detached, Heated Basement, Vented Attic, No Garage|Single-Family Detached, Slab, Finished Attic, 1 Car Garage|Single-Family Detached, Slab, Finished Attic, 2 Car Garage|Single-Family Detached, Slab, Finished Attic, 3 Car Garage|Single-Family Detached, Slab, Finished Attic, No Garage|Single-Family Detached, Slab, No Attic, 1 Car Garage|Single-Family Detached, Slab, No Attic, 2 Car Garage|Single-Family Detached, Slab, No Attic, 3 Car Garage|Single-Family Detached, Slab, No Attic, No Garage|Single-Family Detached, Slab, Unvented Attic, 1 Car Garage|Single-Family Detached, Slab, Unvented Attic, 2 Car Garage|Single-Family Detached, Slab, Unvented Attic, 3 Car Garage|Single-Family Detached, Slab, Unvented Attic, No Garage|Single-Family Detached, Slab, Vented Attic, 1 Car Garage|Single-Family Detached, Slab, Vented Attic, 2 Car Garage|Single-Family Detached, Slab, Vented Attic, 3 Car Garage|Single-Family Detached, Slab, Vented Attic, No Garage|Single-Family Detached, Unheated Basement, Finished Attic, 1 Car Garage|Single-Family Detached, Unheated Basement, Finished Attic, 2 Car Garage|Single-Family Detached, Unheated Basement, Finished Attic, 3 Car Garage|Single-Family Detached, Unheated Basement, Finished Attic, No Garage|Single-Family Detached, Unheated Basement, No Attic, 1 Car Garage|Single-Family Detached, Unheated Basement, No Attic, 2 Car Garage|Single-Family Detached, Unheated Basement, No Attic, 3 Car Garage|Single-Family Detached, Unheated Basement, No Attic, No Garage|Single-Family Detached, Unheated Basement, Unvented Attic, 1 Car Garage|Single-Family Detached, Unheated Basement, Unvented Attic, 2 Car Garage|Single-Family Detached, Unheated Basement, Unvented Attic, 3 Car Garage|Single-Family Detached, Unheated Basement, Unvented Attic, No Garage|Single-Family Detached, Unheated Basement, Vented Attic, 1 Car Garage|Single-Family Detached, Unheated Basement, Vented Attic, 2 Car Garage|Single-Family Detached, Unheated Basement, Vented Attic, 3 Car Garage|Single-Family Detached, Unheated Basement, Vented Attic, No Garage|Single-Family Detached, Unvented Crawlspace, Finished Attic, 1 Car Garage|Single-Family Detached, Unvented Crawlspace, Finished Attic, 2 Car Garage|Single-Family Detached, Unvented Crawlspace, Finished Attic, 3 Car Garage|Single-Family Detached, Unvented Crawlspace, Finished Attic, No Garage|Single-Family Detached, Unvented Crawlspace, No Attic, 1 Car Garage|Single-Family Detached, Unvented Crawlspace, No Attic, 2 Car Garage|Single-Family Detached, Unvented Crawlspace, No Attic, 3 Car Garage|Single-Family Detached, Unvented Crawlspace, No Attic, No Garage|Single-Family Detached, Unvented Crawlspace, Unvented Attic, 1 Car Garage|Single-Family Detached, Unvented Crawlspace, Unvented Attic, 2 Car Garage|Single-Family Detached, Unvented Crawlspace, Unvented Attic, 3 Car Garage|Single-Family Detached, Unvented Crawlspace, Unvented Attic, No Garage|Single-Family Detached, Unvented Crawlspace, Vented Attic, 1 Car Garage|Single-Family Detached, Unvented Crawlspace, Vented Attic, 2 Car Garage|Single-Family Detached, Unvented Crawlspace, Vented Attic, 3 Car Garage|Single-Family Detached, Unvented Crawlspace, Vented Attic, No Garage|Single-Family Detached, Vented Crawlspace, Finished Attic, 1 Car Garage|Single-Family Detached, Vented Crawlspace, Finished Attic, 2 Car Garage|Single-Family Detached, Vented Crawlspace, Finished Attic, 3 Car Garage|Single-Family Detached, Vented Crawlspace, Finished Attic, No Garage|Single-Family Detached, Vented Crawlspace, No Attic, 1 Car Garage|Single-Family Detached, Vented Crawlspace, No Attic, 2 Car Garage|Single-Family Detached, Vented Crawlspace, No Attic, 3 Car Garage|Single-Family Detached, Vented Crawlspace, No Attic, No Garage|Single-Family Detached, Vented Crawlspace, Unvented Attic, 1 Car Garage|Single-Family Detached, Vented Crawlspace, Unvented Attic, 2 Car Garage|Single-Family Detached, Vented Crawlspace, Unvented Attic, 3 Car Garage|Single-Family Detached, Vented Crawlspace, Unvented Attic, No Garage|Single-Family Detached, Vented Crawlspace, Vented Attic, 1 Car Garage|Single-Family Detached, Vented Crawlspace, Vented Attic, 2 Car Garage|Single-Family Detached, Vented Crawlspace, Vented Attic, 3 Car Garage|Single-Family Detached, Vented Crawlspace, Vented Attic, No Garage",Categorical: must match allowable enumerations in TSV or '__MISSING__'.
ResStock,in.utility_bill_fuel_oil_fixed_charges,string,$/month,"Fuel oil utility bill monthly fixed charges. If multiple scenarios, use a comma-separated list",,Numeric: provide value in units from TSV; use NaN/blank to trigger missing handling.
ResStock,in.geometry_building_number_units_mf,string,n/a,Number of units in the multifamily building in which the dwelling unit is located,10|11|116|12|13|14|15|16|17|18|183|19|2|20|24|3|30|326|36|4|43|5|6|67|7|8|9|None,Categorical: must match allowable enumerations in TSV or '__MISSING__'.
ResStock,in.ceiling_fan,string,n/a,Presence and energy usage of ceiling fans at medium speed,"None|Standard Efficiency|Standard Efficiency, No usage",Categorical: must match allowable enumerations in TSV or '__MISSING__'.
ResStock,in.hvac_heating_efficiency,string,n/a,Presence and efficiency of primary heating system,"ASHP, SEER 10, 6.2 HSPF|ASHP, SEER 13, 7.7 HSPF|ASHP, SEER 15, 8.5 HSPF|Electric Baseboard, 100% Efficiency|Electric Boiler, 100% AFUE|Electric Furnace, 100% AFUE|Electric Wall Furnace, 100% AFUE|Fuel Boiler, 76% AFUE|Fuel Boiler, 80% AFUE|Fuel Boiler, 90% AFUE|Fuel Furnace, 60% AFUE|Fuel Furnace, 76% AFUE|Fuel Furnace, 80% AFUE|Fuel Furnace, 92.5% AFUE|Fuel Wall/Floor Furnace, 60% AFUE|Fuel Wall/Floor Furnace, 68% AFUE|MSHP, SEER 14.5, 8.2 HSPF|MSHP, SEER 29.3, 14 HSPF|None|Shared Heating",Categorical: must match allowable enumerations in TSV or '__MISSING__'.
ResStock,in.tenure,string,n/a,The tenancy (owner or renter) of the household occupying the dwelling unit,Not Available|Owner|Renter,Categorical: must match allowable enumerations in TSV or '__MISSING__'.
ResStock,in.water_heater_efficiency,string,n/a,"Efficiency, type, and heating fuel of water heater","Electric Heat Pump, 50 gal, 3.45 UEF|Electric Premium|Electric Standard|Electric Tankless|FIXME Fuel Oil Indirect|Fuel Oil Premium|Fuel Oil Standard|Natural Gas Premium|Natural Gas Standard|Natural Gas Tankless|Other Fuel|Propane Premium|Propane Standard|Propane Tankless",Categorical: must match allowable enumerations in TSV or '__MISSING__'.
ResStock,in.utility_bill_natural_gas_fixed_charges,string,$/month,"Natural gas utility bill monthly fixed charges. If multiple scenarios, use a comma-separated list",,Numeric: provide value in units from TSV; use NaN/blank to trigger missing handling.
ResStock,in.duct_location,string,n/a,Location of Duct System,Attic|Crawlspace|Garage|Heated Basement|Living Space|None|Unheated Basement,Categorical: must match allowable enumerations in TSV or '__MISSING__'.
ResStock,in.hvac_cooling_partial_space_conditioning,string,n/a,The fraction of the finished floor area that the cooling system provides cooling for,100% Conditioned|20% Conditioned|40% Conditioned|60% Conditioned|80% Conditioned|<10% Conditioned|None,Categorical: must match allowable enumerations in TSV or '__MISSING__'.
ResStock,in.misc_gas_grill,string,n/a,Presence of gas grill,Gas Grill|None,Categorical: must match allowable enumerations in TSV or '__MISSING__'.
ResStock,in.simulation_control_run_period_end_month,integer,n/a,"The end month number (1 = January, 2 = February, etc.) for the annual run period",12,Categorical: must match allowable enumerations in TSV or '__MISSING__'.
ResStock,in.insulation_slab,string,n/a,Slab insulation level,"2ft R10 Perimeter, Vertical|2ft R10 Under, Horizontal|2ft R5 Perimeter, Vertical|2ft R5 Under, Horizontal|None|Uninsulated",Categorical: must match allowable enumerations in TSV or '__MISSING__'.
ResStock,in.lighting_interior_use,string,n/a,Interior lighting usage relative to the national average,100% Usage,Categorical: must match allowable enumerations in TSV or '__MISSING__'.
ResStock,in.vacancy_status,string,n/a,Presence of occupants,Occupied|Vacant,Categorical: must match allowable enumerations in TSV or '__MISSING__'.
ResStock,in.insulation_ceiling,string,n/a,Ceiling insulation level (between the living space and unconditioned attic),None|R-13|R-19|R-30|R-38|R-49|R-7|Uninsulated,Categorical: must match allowable enumerations in TSV or '__MISSING__'.
ResStock,in.electric_vehicle,string,n/a,Electric vehicle usage and efficiency (not modeled in 2024.2 dataset),None,Categorical: must match allowable enumerations in TSV or '__MISSING__'.
ResStock,out.params.floor_area_attic_ft_2,float,sqft,Floor area of attic,n/a,Categorical: must match allowable enumerations in TSV or '__MISSING__'.
ResStock,in.federal_poverty_level,string,n/a,Federal poverty level of the household occupying the dwelling unit,0-100%|100-150%|150-200%|200-300%|300-400%|400%+|Not Available,Categorical: must match allowable enumerations in TSV or '__MISSING__'.
ResStock,in.area_median_income,string,n/a,Area median income of the household occupying the dwelling unit,0-30%|100-120%|120-150%|150%+|30-60%|60-80%|80-100%|Not Available,Categorical: must match allowable enumerations in TSV or '__MISSING__'.
ResStock,in.hvac_secondary_heating_efficiency,string,n/a,Presence and efficiency of secondary heating system,None,Categorical: must match allowable enumerations in TSV or '__MISSING__'.
ResStock,in.heating_setpoint_offset_magnitude,string,F,The magnitude of heating setpoint offset,0F|12F|3F|6F,Categorical: must match allowable enumerations in TSV or '__MISSING__'.
ResStock,in.hvac_cooling_efficiency,string,n/a,Presence and efficiency of cooling system,"AC, SEER 10|AC, SEER 13|AC, SEER 15|AC, SEER 8|Ducted Heat Pump|Non-Ducted Heat Pump|None|Room AC, EER 10.7|Room AC, EER 12.0|Room AC, EER 8.5|Room AC, EER 9.8|Shared Cooling",Categorical: must match allowable enumerations in TSV or '__MISSING__'.
ResStock,in.census_region,string,n/a,2010 U.S. Census Region,Midwest|Northeast|South|West,Categorical: must match allowable enumerations in TSV or '__MISSING__'.
ResStock,in.utility_bill_propane_fixed_charges,string,$/month,"Propane utility bill monthly fixed charges. If multiple scenarios, use a comma-separated list",,Numeric: provide value in units from TSV; use NaN/blank to trigger missing handling.
ResStock,in.hvac_has_ducts,boolean,n/a,Presence of ducts,No|Yes,Categorical: must match allowable enumerations in TSV or '__MISSING__'.
ResStock,in.insulation_wall,string,n/a,Wall construction type and insulation level,"Brick, 12-in, 3-wythe, R-11|Brick, 12-in, 3-wythe, R-15|Brick, 12-in, 3-wythe, R-19|Brick, 12-in, 3-wythe, R-7|Brick, 12-in, 3-wythe, Uninsulated|CMU, 6-in Hollow, R-11|CMU, 6-in Hollow, R-15|CMU, 6-in Hollow, R-19|CMU, 6-in Hollow, R-7|CMU, 6-in Hollow, Uninsulated|Wood Stud, R-11|Wood Stud, R-15|Wood Stud, R-19|Wood Stud, R-7|Wood Stud, Uninsulated",Categorical: must match allowable enumerations in TSV or '__MISSING__'.
ResStock,in.utility_bill_electricity_marginal_rates,string,$/kWh,"Electricity utility bill marginal rates. If multiple scenarios, use a comma-separated list",,Numeric: provide value in units from TSV; use NaN/blank to trigger missing handling.
ResStock,in.insulation_foundation_wall,string,n/a,Foundation walls insulation level,"None|Uninsulated|Wall R-10, Exterior|Wall R-15, Exterior|Wall R-5, Exterior",Categorical: must match allowable enumerations in TSV or '__MISSING__'.
ResStock,in.ahs_region,string,n/a,American Housing Survey region,"CBSA Atlanta-Sandy Springs-Roswell, GA|CBSA Boston-Cambridge-Newton, MA-NH|CBSA Chicago-Naperville-Elgin, IL-IN-WI|CBSA Dallas-Fort Worth-Arlington, TX|CBSA Detroit-Warren-Dearborn, MI|CBSA Houston-The Woodlands-Sugar Land, TX|CBSA Los Angeles-Long Beach-Anaheim, CA|CBSA Miami-Fort Lauderdale-West Palm Beach, FL|CBSA New York-Newark-Jersey City, NY-NJ-PA|CBSA Philadelphia-Camden-Wilmington, PA-NJ-DE-MD|CBSA Phoenix-Mesa-Scottsdale, AZ|CBSA Riverside-San Bernardino-Ontario, CA|CBSA San Francisco-Oakland-Hayward, CA|CBSA Seattle-Tacoma-Bellevue, WA|CBSA Washington-Arlington-Alexandria, DC-VA-MD-WV|Non-CBSA East North Central|Non-CBSA East South Central|Non-CBSA Middle Atlantic|Non-CBSA Mountain|Non-CBSA New England|Non-CBSA Pacific|Non-CBSA South Atlantic|Non-CBSA West North Central|Non-CBSA West South Central",Categorical: must match allowable enumerations in TSV or '__MISSING__'.
ResStock,in.emissions_electricity_folders,string,n/a,"Relative paths of electricity emissions factor schedule files with hourly values. Paths are relative to the resources folder. If multiple scenarios, use a comma-separated list. File names must contain GEA region names","data/cambium/2022/LRMER_LowRECost_15,data/cambium/2022/LRMER_MidCase_15,data/cambium/2022/LRMER_HighRECost_15,data/cambium/2022/LRMER_MidCase_25",Categorical: must match allowable enumerations in TSV or '__MISSING__'.
ResStock,in.emissions_scenario_names,string,n/a,"Names of emissions scenarios. If multiple scenarios, use a comma-separated list","LRMER_LowRECost_15,LRMER_MidCase_15,LRMER_HighRECost_15,LRMER_MidCase_25",Categorical: must match allowable enumerations in TSV or '__MISSING__'.
ResStock,in.geometry_building_type_height,string,ft,"RECS 2009 building type with multifamily buildings split out by low-rise, mid-rise, and high-rise","Mobile Home|Multifamily with 2-4 Units|Multifamily with 5+ units, 1-3 stories|Multifamily with 5+ units, 4-7 stories|Multifamily with 5+ units, 8+ stories|Single-Family Attached|Single-Family Detached",Categorical: must match allowable enumerations in TSV or '__MISSING__'.
ResStock,in.range_spot_vent_hour,string,n/a,Range spot ventilation daily start hour,Hour0|Hour1|Hour10|Hour11|Hour12|Hour13|Hour14|Hour15|Hour16|Hour17|Hour18|Hour19|Hour2|Hour20|Hour21|Hour22|Hour23|Hour3|Hour4|Hour5|Hour6|Hour7|Hour8|Hour9,Categorical: must match allowable enumerations in TSV or '__MISSING__'.
ResStock,in.neighbors,string,ft,Presence and distance between the dwelling unit and the nearest neighbors to the left and right.,12|2|27|4|7|Left/Right at 15ft|None,Categorical: must match allowable enumerations in TSV or '__MISSING__'.
ResStock,in.cec_climate_zone,string,n/a,California Energy Code climate zone,1|10|11|12|13|14|15|16|2|3|4|5|6|7|8|9|None,Categorical: must match allowable enumerations in TSV or '__MISSING__'.
ResStock,in.clothes_washer_presence,string,n/a,Presence of clothes washer,None|Yes,Categorical: must match allowable enumerations in TSV or '__MISSING__'.
ResStock,in.vintage_acs,string,n/a,Range in which the building was constructed using ACS bins,1940-59|1960-79|1980-99|2000-09|2010s|<1940,Categorical: must match allowable enumerations in TSV or '__MISSING__'.
ResStock,in.geometry_building_level_mf,string,n/a,"Location of the multifamily unit vertically within the building (bottom, middle, top)",Bottom|Middle|None|Top,Categorical: must match allowable enumerations in TSV or '__MISSING__'.
ResStock,in.insulation_floor,string,n/a,Floor insulation level,Ceiling R-13|Ceiling R-19|Ceiling R-30|None|Uninsulated,Categorical: must match allowable enumerations in TSV or '__MISSING__'.
ResStock,in.hvac_has_zonal_electric_heating,boolean,n/a,Presence of electric baseboard heating,No|Yes,Categorical: must match allowable enumerations in TSV or '__MISSING__'.
ResStock,in.occupants,string,n/a,The number of occupants living in the dwelling unit,0|1|10+|2|3|4|5|6|7|8|9,Categorical: must match allowable enumerations in TSV or '__MISSING__'.
ResStock,in.bathroom_spot_vent_hour,string,n/a,Bathroom spot ventilation daily start hour,Hour0|Hour1|Hour10|Hour11|Hour12|Hour13|Hour14|Hour15|Hour16|Hour17|Hour18|Hour19|Hour2|Hour20|Hour21|Hour22|Hour23|Hour3|Hour4|Hour5|Hour6|Hour7|Hour8|Hour9,Categorical: must match allowable enumerations in TSV or '__MISSING__'.
ResStock,out.params.flow_rate_mechanical_ventilation_cfm,float,cfm,Flow rate of the mechanical ventilation,n/a,Categorical: must match allowable enumerations in TSV or '__MISSING__'.
ResStock,out.params.floor_area_attic_insulation_increase_ft_2_delta_r_value,float,sqft*delta R-value,Floor area of attic multiple by the increased R-value of attic insulation from the upgrade,n/a,Categorical: must match allowable enumerations in TSV or '__MISSING__'.
ResStock,in.emissions_fossil_fuel_units,string,n/a,"Fossil fuel emissions factors units. If multiple scenarios, use a comma-separated list. Only lb/MBtu and kg/MBtu are allowed","lb/MBtu,lb/MBtu,lb/MBtu,lb/MBtu",Categorical: must match allowable enumerations in TSV or '__MISSING__'.
ResStock,in.doors,string,n/a,Exterior door material and properties,Fiberglass,Categorical: must match allowable enumerations in TSV or '__MISSING__'.
ResStock,in.cooling_setpoint_has_offset,boolean,n/a,Presence of cooling setpoint offset,No|Yes,Categorical: must match allowable enumerations in TSV or '__MISSING__'.
ResStock,in.emissions_electricity_values_or_filepaths,string,n/a,"Electricity emissions factors values, specified as either an annual factor or an absolute/relative path to a file with hourly factors. If multiple scenarios, use a comma-separated list","/lib/resources/data/cambium/2022/LRMER_LowRECost_15/AZNMc.csv,/lib/resources/data/cambium/2022/LRMER_MidCase_15/AZNMc.csv,/lib/resources/data/cambium/2022/LRMER_HighRECost_15/AZNMc.csv,/lib/resources/data/cambium/2022/LRMER_MidCase_25/AZNMc.csv|/lib/resources/data/cambium/2022/LRMER_LowRECost_15/CAMXc.csv,/lib/resources/data/cambium/2022/LRMER_MidCase_15/CAMXc.csv,/lib/resources/data/cambium/2022/LRMER_HighRECost_15/CAMXc.csv,/lib/resources/data/cambium/2022/LRMER_MidCase_25/CAMXc.csv|/lib/resources/data/cambium/2022/LRMER_LowRECost_15/ERCTc.csv,/lib/resources/data/cambium/2022/LRMER_MidCase_15/ERCTc.csv,/lib/resources/data/cambium/2022/LRMER_HighRECost_15/ERCTc.csv,/lib/resources/data/cambium/2022/LRMER_MidCase_25/ERCTc.csv|/lib/resources/data/cambium/2022/LRMER_LowRECost_15/FRCCc.csv,/lib/resources/data/cambium/2022/LRMER_MidCase_15/FRCCc.csv,/lib/resources/data/cambium/2022/LRMER_HighRECost_15/FRCCc.csv,/lib/resources/data/cambium/2022/LRMER_MidCase_25/FRCCc.csv|/lib/resources/data/cambium/2022/LRMER_LowRECost_15/MROEc.csv,/lib/resources/data/cambium/2022/LRMER_MidCase_15/MROEc.csv,/lib/resources/data/cambium/2022/LRMER_HighRECost_15/MROEc.csv,/lib/resources/data/cambium/2022/LRMER_MidCase_25/MROEc.csv|/lib/resources/data/cambium/2022/LRMER_LowRECost_15/MROWc.csv,/lib/resources/data/cambium/2022/LRMER_MidCase_15/MROWc.csv,/lib/resources/data/cambium/2022/LRMER_HighRECost_15/MROWc.csv,/lib/resources/data/cambium/2022/LRMER_MidCase_25/MROWc.csv|/lib/resources/data/cambium/2022/LRMER_LowRECost_15/NEWEc.csv,/lib/resources/data/cambium/2022/LRMER_MidCase_15/NEWEc.csv,/lib/resources/data/cambium/2022/LRMER_HighRECost_15/NEWEc.csv,/lib/resources/data/cambium/2022/LRMER_MidCase_25/NEWEc.csv|/lib/resources/data/cambium/2022/LRMER_LowRECost_15/NWPPc.csv,/lib/resources/data/cambium/2022/LRMER_MidCase_15/NWPPc.csv,/lib/resources/data/cambium/2022/LRMER_HighRECost_15/NWPPc.csv,/lib/resources/data/cambium/2022/LRMER_MidCase_25/NWPPc.csv|/lib/resources/data/cambium/2022/LRMER_LowRECost_15/NYSTc.csv,/lib/resources/data/cambium/2022/LRMER_MidCase_15/NYSTc.csv,/lib/resources/data/cambium/2022/LRMER_HighRECost_15/NYSTc.csv,/lib/resources/data/cambium/2022/LRMER_MidCase_25/NYSTc.csv|/lib/resources/data/cambium/2022/LRMER_LowRECost_15/RFCEc.csv,/lib/resources/data/cambium/2022/LRMER_MidCase_15/RFCEc.csv,/lib/resources/data/cambium/2022/LRMER_HighRECost_15/RFCEc.csv,/lib/resources/data/cambium/2022/LRMER_MidCase_25/RFCEc.csv|/lib/resources/data/cambium/2022/LRMER_LowRECost_15/RFCMc.csv,/lib/resources/data/cambium/2022/LRMER_MidCase_15/RFCMc.csv,/lib/resources/data/cambium/2022/LRMER_HighRECost_15/RFCMc.csv,/lib/resources/data/cambium/2022/LRMER_MidCase_25/RFCMc.csv|/lib/resources/data/cambium/2022/LRMER_LowRECost_15/RFCWc.csv,/lib/resources/data/cambium/2022/LRMER_MidCase_15/RFCWc.csv,/lib/resources/data/cambium/2022/LRMER_HighRECost_15/RFCWc.csv,/lib/resources/data/cambium/2022/LRMER_MidCase_25/RFCWc.csv|/lib/resources/data/cambium/2022/LRMER_LowRECost_15/RMPAc.csv,/lib/resources/data/cambium/2022/LRMER_MidCase_15/RMPAc.csv,/lib/resources/data/cambium/2022/LRMER_HighRECost_15/RMPAc.csv,/lib/resources/data/cambium/2022/LRMER_MidCase_25/RMPAc.csv|/lib/resources/data/cambium/2022/LRMER_LowRECost_15/SPNOc.csv,/lib/resources/data/cambium/2022/LRMER_MidCase_15/SPNOc.csv,/lib/resources/data/cambium/2022/LRMER_HighRECost_15/SPNOc.csv,/lib/resources/data/cambium/2022/LRMER_MidCase_25/SPNOc.csv|/lib/resources/data/cambium/2022/LRMER_LowRECost_15/SPSOc.csv,/lib/resources/data/cambium/2022/LRMER_MidCase_15/SPSOc.csv,/lib/resources/data/cambium/2022/LRMER_HighRECost_15/SPSOc.csv,/lib/resources/data/cambium/2022/LRMER_MidCase_25/SPSOc.csv|/lib/resources/data/cambium/2022/LRMER_LowRECost_15/SRMVc.csv,/lib/resources/data/cambium/2022/LRMER_MidCase_15/SRMVc.csv,/lib/resources/data/cambium/2022/LRMER_HighRECost_15/SRMVc.csv,/lib/resources/data/cambium/2022/LRMER_MidCase_25/SRMVc.csv|/lib/resources/data/cambium/2022/LRMER_LowRECost_15/SRMWc.csv,/lib/resources/data/cambium/2022/LRMER_MidCase_15/SRMWc.csv,/lib/resources/data/cambium/2022/LRMER_HighRECost_15/SRMWc.csv,/lib/resources/data/cambium/2022/LRMER_MidCase_25/SRMWc.csv|/lib/resources/data/cambium/2022/LRMER_LowRECost_15/SRSOc.csv,/lib/resources/data/cambium/2022/LRMER_MidCase_15/SRSOc.csv,/lib/resources/data/cambium/2022/LRMER_HighRECost_15/SRSOc.csv,/lib/resources/data/cambium/2022/LRMER_MidCase_25/SRSOc.csv|/lib/resources/data/cambium/2022/LRMER_LowRECost_15/SRTVc.csv,/lib/resources/data/cambium/2022/LRMER_MidCase_15/SRTVc.csv,/lib/resources/data/cambium/2022/LRMER_HighRECost_15/SRTVc.csv,/lib/resources/data/cambium/2022/LRMER_MidCase_25/SRTVc.csv|/lib/resources/data/cambium/2022/LRMER_LowRECost_15/SRVCc.csv,/lib/resources/data/cambium/2022/LRMER_MidCase_15/SRVCc.csv,/lib/resources/data/cambium/2022/LRMER_HighRECost_15/SRVCc.csv,/lib/resources/data/cambium/2022/LRMER_MidCase_25/SRVCc.csv",Categorical: must match allowable enumerations in TSV or '__MISSING__'.
ResStock,in.iso_rto_region,string,n/a,ISO or RTO region,CAISO|ERCOT|MISO|NEISO|NYISO|None|PJM|SPP,Categorical: must match allowable enumerations in TSV or '__MISSING__'.
ResStock,in.cooling_setpoint_offset_period,string,n/a,The period during which the cooling setpoint offset is applied,Day Setup|Day Setup +1h|Day Setup +2h|Day Setup +3h|Day Setup +4h|Day Setup +5h|Day Setup -1h|Day Setup -2h|Day Setup -3h|Day Setup -4h|Day Setup -5h|Day Setup and Night Setback|Day Setup and Night Setback +1h|Day Setup and Night Setback +2h|Day Setup and Night Setback +3h|Day Setup and Night Setback +4h|Day Setup and Night Setback +5h|Day Setup and Night Setback -1h|Day Setup and Night Setback -2h|Day Setup and Night Setback -3h|Day Setup and Night Setback -4h|Day Setup and Night Setback -5h|Day and Night Setup|Day and Night Setup +1h|Day and Night Setup +2h|Day and Night Setup +3h|Day and Night Setup +4h|Day and Night Setup +5h|Day and Night Setup -1h|Day and Night Setup -2h|Day and Night Setup -3h|Day and Night Setup -4h|Day and Night Setup -5h|Night Setback|Night Setback +1h|Night Setback +2h|Night Setback +3h|Night Setback +4h|Night Setback +5h|Night Setback -1h|Night Setback -2h|Night Setback -3h|Night Setback -4h|Night Setback -5h|Night Setup|Night Setup +1h|Night Setup +2h|Night Setup +3h|Night Setup +4h|Night Setup +5h|Night Setup -1h|Night Setup -2h|Night Setup -3h|Night Setup -4h|Night Setup -5h|None,Categorical: must match allowable enumerations in TSV or '__MISSING__'.
ResStock,in.income_recs_2015,string,$,Income bin of the household occupying the dwelling unit aligned with the 2015 U.S. Energy Information Administration Residential Energy Consumption Survey,100000-119999|120000-139999|140000+|20000-39999|40000-59999|60000-79999|80000-99999|<20000|Not Available,Categorical: must match allowable enumerations in TSV or '__MISSING__'.
ResStock,in.roof_material,string,n/a,Roof material type,"Asphalt Shingles, Medium|Composition Shingles|Metal, Dark|Slate|Tile, Clay or Ceramic|Tile, Concrete|Wood Shingles",Categorical: must match allowable enumerations in TSV or '__MISSING__'.
ResStock,in.units_represented,integer,n/a,Number of housing units the building model represents (this field is no longer used),1,Categorical: must match allowable enumerations in TSV or '__MISSING__'.
ResStock,in.geometry_floor_area_bin,string,sqft,Finished floor area bin (RECS),0-1499|1500-2499|2500-3999|4000+,Categorical: must match allowable enumerations in TSV or '__MISSING__'.
ResStock,out.params.size_heating_system_secondary_k_btu_h,float,kBtu/h,Size of secondary heating system,n/a,Categorical: must match allowable enumerations in TSV or '__MISSING__'.
ResStock,in.heating_setpoint_offset_period,string,n/a,The period during which the heating setpoint offset is applied,Day|Day +1h|Day +2h|Day +3h|Day +4h|Day +5h|Day -1h|Day -2h|Day -3h|Day -4h|Day -5h|Day and Night|Day and Night +1h|Day and Night +2h|Day and Night +3h|Day and Night +4h|Day and Night +5h|Day and Night -1h|Day and Night -2h|Day and Night -3h|Day and Night -4h|Day and Night -5h|Night|Night +1h|Night +2h|Night +3h|Night +4h|Night +5h|Night -1h|Night -2h|Night -3h|Night -4h|Night -5h|None,Categorical: must match allowable enumerations in TSV or '__MISSING__'.
ResStock,in.representative_income,integer,$,"Numeric income used for energy burden calculations, assigned using ACS 2019 5-year data",0|4187|4219|4229|4293|4429|4619|4746|4849|11140|12426|12566|12627|12655|12881|13633|15960|16639|17288|17401|17476|17504|17535|17611|17741|18566|19323|20629|22177|22223|22258|22328|22425|22473|22486|22674|22779|23202|24995|25254|25310|27012|27227|27230|27274|27419|27577|27621|27631|27880|30056|30944|31921|32204|32325|32414|33335|34359|34802|36175|36870|37029|37142|37228|37276|37438|37492|37544|38588|39195|39396|41258|41864|42184|42354|42395|42401|42426|42805|43638|44293|45085|46415|47247|47457|47497|47541|49025|49988|50507|50608|50890|52062|54023|54564|54667|54746|54840|55104|55558|55819|56892|59147|60113|61887|62260|63066|63747|64407|64514|64622|64828|64915|65053|65154|66973|67495|68718|69688|70943|73741|73823|74350|74751|74877|74909|74983|74986|75773|78572|79091|79113|82516|83548|84246|85012|87673|87842|89096|89311|89642|91540|92315|93543|94954|97657|101242|101978|105144|105461|107345|107684|108692|109096|109128|109362|110733|111217|112712|118419|120226|124866|125594|128683|128814|128932|129243|129295|129299|129611|130138|135095|139246|141542|147645|149226|149263|149501|150186|152128|158190|158548|165967|166500|168230|168539|168896|168947|168960|169054|169093|169508|171384|176674|185493|188500|188796|188927|189083|189099|189196|189249|190811|194892|215773|220717|251101|261688|262638|267342|268295|270137|273335|280058|297129,Categorical: must match allowable enumerations in TSV or '__MISSING__'.
ResStock,in.cooking_range_usage_level,string,n/a,Cooking range energy usage level multiplier,100% Usage|120% Usage|80% Usage,Categorical: must match allowable enumerations in TSV or '__MISSING__'.
ResStock,in.census_division,string,n/a,2010 U.S. Census Division,East North Central|East South Central|Middle Atlantic|Mountain|New England|Pacific|South Atlantic|West North Central|West South Central,Categorical: must match allowable enumerations in TSV or '__MISSING__'.
ResStock,in.emissions_types,string,n/a,"Types of emissions (e.g., CO2e, NOx, etc.). If multiple scenarios, use a comma-separated list","CO2e,CO2e,CO2e,CO2e",Categorical: must match allowable enumerations in TSV or '__MISSING__'.
ResStock,in.reeds_balancing_area,integer,n/a,Regional Energy Deployment System Model balancing area,1|10|100|101|102|103|104|105|106|107|108|109|11|110|111|112|113|114|115|116|117|118|119|12|120|121|122|123|124|125|126|127|128|129|13|130|131|132|133|134|14|15|16|17|18|19|2|20|21|22|23|24|25|26|27|28|29|3|30|31|32|33|34|35|36|37|38|39|4|40|41|42|43|44|45|46|47|48|49|5|50|51|52|53|54|55|56|57|58|59|6|60|61|62|63|64|65|66|67|68|69|7|70|71|72|73|74|75|76|77|78|79|8|80|81|82|83|84|85|86|87|88|89|9|90|91|92|93|94|95|96|97|98|99,Categorical: must match allowable enumerations in TSV or '__MISSING__'.
ResStock,in.simulation_control_timestep,integer,minute,Value must be a divisor of 60,15,Categorical: must match allowable enumerations in TSV or '__MISSING__'.
ResStock,in.geometry_foundation_type,string,n/a,Type of building foundation,Ambient|Heated Basement|Slab|Unheated Basement|Unvented Crawlspace|Vented Crawlspace,Categorical: must match allowable enumerations in TSV or '__MISSING__'.
ResStock,in.utility_bill_fuel_oil_marginal_rates,string,$/gallon,"Fuel oil utility bill marginal rates. If multiple scenarios, use a comma-separated list",,Numeric: provide value in units from TSV; use NaN/blank to trigger missing handling.
ResStock,out.params.floor_area_foundation_ft_2,float,sqft,Floor area of foundation,n/a,Categorical: must match allowable enumerations in TSV or '__MISSING__'.
ResStock,in.misc_extra_refrigerator,string,n/a,Presence and rated efficiency of extra refrigerator,EF 10.2|EF 10.5|EF 15.9|EF 17.6|EF 19.9|EF 21.9|EF 6.7|None,Categorical: must match allowable enumerations in TSV or '__MISSING__'.
ResStock,in.hvac_heating_type,string,n/a,Presence and type of primary heating system,Ducted Heat Pump|Ducted Heating|Non-Ducted Heat Pump|Non-Ducted Heating|None,Categorical: must match allowable enumerations in TSV or '__MISSING__'.
ResStock,in.geometry_floor_area,string,sqft,Finished floor area bin (AHS),0-499|1000-1499|1500-1999|2000-2499|2500-2999|3000-3999|4000+|500-749|750-999,Categorical: must match allowable enumerations in TSV or '__MISSING__'.
ResStock,in.weather_file_city,string,n/a,City of weather file,A L Mangham Jr Rgnl|Aberdeen Regional|Abilene Dyess Afb|Abilene Municipal|Accomack Co|Adirondack Rgnl|Ainsworth Municipal|Airborne Airpark|Aitkin Muni Kurtz Fl|Akron Akron Canton|Alamogordo White Sa|Alamosa Muni Awos|Albany County Airpo|Albany Municipal|Albert Lea Awos|Albuquerque Intl|Alexander Fld South|Alexandria Int|Algona|Alice Intl|Allegheny Co|Allentown A Bethle|Alliance Muni|Alma Bacon Co|Alpena Phelps Colli|Altoona Blair Co|Alturas Muni|Altus Afb|Amarillo Intl|Ames Muni|Anderson Rgnl|Andrews Afb Camp Sp|Angelina Co|Ann Arbor Municipal|Anniston Metropolit|Anoka Co Blaine|Antrim Co|Apalachicola Muni|Aransas Co|Arcata|Ardmore Downtown Exe|Arlington Muni|Arthur N Neu|Ashe Co|Asheboro Rgnl|Asheville Municipal|Ashtabula Co|Aspen Pitkin Co Sard|Astoria Clatsop|Athens Municipal|Atlanta Municipal|Atlantic City Intl|Atlantic Muni|Auburn Lewiston Muni|Audubon Co|Augusta Bush Field|Augusta State Arpt|Aurora Muni Al Pott|Aurora Municipal|Aurora State|Austin Camp Mabry|Austin Mueller Muni|Austin Muni|Baker City Muni|Baker Muni|Bakersfield Meadows|Baltimore Washingto|Bangor Intl|Baraboo Wisc Dells|Barksdale Afb|Barnstable Muni Boa|Batesville Rgnl|Baton Rouge Metro R|Baudette Intl|Beale Afb|Beatrice Muni|Beaufort Mcas|Beckley Raleigh Ct|Beeville Chase Naas|Bellingham Intl|Bemidji Municipal|Bentonville Muni Tha|Berlin Municipal|Bert Mooney|Beverly Muni|Big Piney Amos|Billings Logan Int|Binghamton Broome C|Birmingham|Birmingham Muni|Bisbee Douglas Intl|Bishop Airport|Bismarck Municipal|Block Island|Blue Canyon Nyack|Blue Ridge|Blythe|Boise Municipal|Boone Co|Boone Muni|Boscobel|Boston Logan Intl|Bowerman|Bowers Fld|Bowling Green Warre|Bowman Fld|Bradford Rgnl|Brainerd Lakes Rgnl|Branch Co Mem|Brazoria Co|Bremerton National|Brewster Fld|Bridgeport Igor I|Broken Bow Muni|Brookings Rgnl|Brownsville Intl|Brunswick Golden Is|Buckley Afb|Buffalo|Burke Lakefront|Burley Muni|Burlington Alamance|Burlington Intl|Burnet Muni Kate Cr|Burns Muni Amos|Butler Co Rgnl|Butler Co Scholter F|C David Campbell Fld|C M Schulz Sonoma Co|Cahokia St Louis|Cairns Aaf|Caldwell Awos|Camarillo|Cambridge Muni|Cannon Afb|Canyonlands Fld|Cape Girardeau Rgnl|Cape Hatteras|Cape May Co|Capital City Arpt|Cartersville|Casper Natrona Coun|Cavern City Air Ter|Cecil Fld|Cedar City Rgnl|Cedar Rapids Muni|Centennial|Central Illinois Rg|Centreville|Challis|Chamberlain Amos|Chan Gurney Muni|Chandler Fld|Chanute Martin Johns|Chariton Muni|Charles B Wheeler D|Charleston Muni|Charlevoix Muni|Charlotte Co|Charlotte Douglas|Charlottesville Alb|Chattanooga Lovell|Cherry Capital|Cherry Point Mcas|Chesapeake|Cheyenne Warren Afb|Chicago Midway|Chicago Waukegan|Chicopee Falls West|Childress Municipal|Chippewa Valley Rgn|Cincinnati Greater|Cincinnati Muni Lun|Clarion Muni|Clayton Muni Amos|Clearfield Lawrence|Cleveland|Clines Corners|Clinton Muni|Clinton Sherman|Clintonville Muni|Cloquet Carlton Co|Clovis Muni|Cody Muni Awos|Coeur D Alene Air Te|Coffeyville Muni|Col James Jabara|Coles Co Mem|Collin Co Rgnl|Colorado Plains Rgnl|Colorado Springs Mu|Columbia Gorge Rgnl|Columbia Metro|Columbia Owens Apt|Columbia Regional|Columbus Afb|Columbus Metropolit|Columbus Muni|Columbus Port Colum|Concord Buchanan|Concord Municipal|Concordia Blosser M|Converse Co|Copper Harbor|Corpus Christi Int|Cortez Muni|Corvallis Muni|Cotulla Lasalle Co|Council Bluffs Muni|Cox Fld|Craig Moffat|Craven Co Rgnl|Creston Muni|Crookston Muni Kirkw|Cross City Cross Ci|Crossville Mem Whit|Crystal|Culpeper Rgnl|Custer|Custer County|Cut Bank Muni|Dalhart Municipal|Dallas Hensley Field Nas|Dallas Love Fld|Dalton|Danbury Muni Arpt|Daniel Field|Danville Rgnl|Dare Co Rgnl|Davenport Muni|Davis Monthan Afb|Davison Aaf|Dawson Community|Dayton James M Cox|Dayton Wright Brothe|Dayton Wright Patte|Daytona Beach Intl|Decatur|Decorah Muni|Deer Park Arpt|Defiance Memorial|Dekalb Peachtree|Del Rio Intl|Delaware Co Johnson|Delta Co|Deming Muni|Denison Municipal|Denton Muni|Denver Internationa|Derby Fld|Des Moines Intl|Desert Rock|Destin Ft Walton|Detroit Lakes Wethin|Detroit Metropolita|Devils Lake Muni|Dickinson Muni|Dillant Hopkins|Dillon Airport|Dinwiddie Co|Dodge City Awos|Dodge Co|Door Co Cherryland|Dothan Rgnl|Dover Afb|Doylestown|Drake Fld|Draughon Miller Cen|Du Bois Jefferson C|Dublin New Riv Vlly|Dubuque Municipal|Duluth Intl Airport|Dunkirk|Dupage|Durango La Plata Co|Dutchess Co|Dyersburg Muni|Eagle Co Rgnl|Eagle Creek Airpark|Eagle River Union|Eastern Slopes Rgnl|Eastern Wv Rgnl She|Easterwood Fld|Edward F Knapp State|El Paso Intl Arpt|El Toro Mcas|Elizabeth City Cgas|Elkhart Morton Co|Elkins Randolph Cou|Elko Rgnl|Ellsworth Afb|Elmira Corning Rgnl|Ely Arpt Yelland Fld|Emporia Muni|Erie Intl Airport|Ernest A Love Fld|Esler Rgnl|Essex Co|Estherville Muni|Eugene Mahlon Sweet|Eureka Ramos|Evansville Regional|Executive|Fairchild Afb|Fairfield Co|Fairfield Muni|Fairfield Travis Af|Fairmont Muni Awos|Fallon Nas|Falls City Brenner|Fargo Hector Field|Farmington Rgnl|Farmville Rgnl|Fayette Rgnl Air Ctr|Fayetteville Rgnl G|Felts Fld|Findlay|Flagstaff Airport|Flint Bishop Intl|Florence Rgnl|Florida Keys Maratho|Floyd Bennett Mem|Flying Cloud|Fond Du Lac Co|Forbes Fld|Ford|Fort Benning|Fort Bragg Simmons|Fort Campbell Aaf|Fort Dodge Awos|Fort Drum Wheeler S|Fort Knox Godman|Fort Lauderdale Exec|Fort Lewis Gray Aaf|Fort Myers Page Fld|Fort Polk Army|Fort Sill|Fort Smith Muni|Fort Stockton Pecos|Fort Wayne Baer Fld|Fort Worth Alliance|Fort Worth Meacham|Four Corners Rgnl|Franklin Muni Jb Ros|Frederick Muni|Fremont Muni|Fresno Air Terminal|Friday Harbor|Frying Pan Shoals|Ft Riley Marshall|Fulton Co Arpt Brow|Gadsden Muni|Gage Shattuck|Gainesville Rgnl|Gallatin Fld|Gallup Muni|Galveston|Garden City Rgnl|Garfield Co Rgnl|Garrison|Gastonia Muni|Gaylord Rgnl|Georgetown Muni|Gillette Gillette C|Glasgow Intl Arpt|Glenwood Muni|Gocebic Iron Co|Goodland Renner Fie|Grand Forks Afb|Grand Forks Intl|Grand Island County|Grand Junction Walk|Grand Marias|Grand Rapids Itasca|Grand Rapids Kent C|Gratiot Community|Great Bend Muni|Great Falls Intl|Greater Buffalo Int|Greater Peoria Muni|Greater Pittsburgh I|Greater Rockford|Greeley Weld Co|Green Bay A Straub|Greenbrier Valley|Greensboro G High|Greenville|Greenville Greenvil|Greenwood Co|Greenwood Leflore|Grider Fld|Griffiss Airpark|Grissom Arb|Gulfport Biloxi Int|Gunnison Co Awos|Guthrie Muni|Hagerstown Rgnl Ric|Halifax Co|Hallock Muni|Hancock Co Bar Harbo|Hanford|Hanford Muni|Hanover Co Muni|Harriman And West|Harrisburg Capital|Harrisburg Intl|Harrison Marion Rgn|Harry Clever Fld|Harry P Williams Mem|Hartford Brainard|Hartness State|Hartnett County|Hastings Muni|Hattiesburg Laurel|Havre Amos|Hayden Yampa Awos|Hays Rgnl|Hayward Air Term|Helena Regional|Henderson City Co|Hermiston Muni|Hernando Co|Hettinger Muni|Hickory Rgnl|Hill Afb|Hill City Muni|Hillsdale Municipal|Hobart Muni|Hondo Muni|Houghton County|Houghton Lake Rosco|Houston Dw Hooks|Houston Ellington|Houston Intercontin|Hunter Aaf|Huntingburg|Huntington Tri Stat|Huntsville|Huntsville Madison|Huron Co Mem|Huron Huron Regiona|Hutchinson Co|Hutchinson Muni|Hutchinson Muni Butl|Idaho Falls Rgnl|Imperial Co|Indiana Co|Indianapolis I Mun|Ingalls Fld|International Falls|Iowa City Muni|Iowa Co|J F Kennedy Memorial|J L Helms Sevier Co|Jack Mc Namara Fld|Jackson Allen C Th|Jackson Carroll Arpt|Jackson Co Reynolds|Jackson Hole|Jackson Muni|Jacksonville Awos|Jacksonville Intnl|Jacksonville Muni|Jacksonville Nas|Jamestown Rgnl|Jefferson City Mem|Jerome Co|John H Batten|John Murtha Johnsto|Johnson Co|Johnson Co Executive|Johnson Co Industr|Joliet Rgnl|Jonesboro Muni|Joplin Rgnl|Jordan|Joslin Fld Magic Va|Kalamazoo Battle Cr|Kalispell Glacier P|Kansas City Intl|Kearney Muni|Kenosha Rgnl|Keokuk Muni|Killeen Muni Awos|Kimble Co|Kingman|Kingsville Nas|Kirksville Rgnl|Kirsch Muni|Kit Carson County|Klamath Falls|Knoxville|Knoxville Municipal|L M Clayton|L O Simenstad Muni|La Crosse Municipal|La Grande Union Co|La Junta Muni|La Usc Downtown Cam|Lac Qui Parle Co|Laconia Muni|Lafayette Rgnl|Lake Charles Muni|Lake Co|Lake Tahoe|Lakefront|Lakeland Noble F Le|Lamar Muni|Lamoni Muni Airport|Lancaster|Langlade Co|Langley Afb Hampton|Lansing Capital Cit|Laramie Rgnl|Laredo Intl Airport|Las Vegas Mccarran|Las Vegas Municipal|Laughlin Afb|Laurence G Hanscom|Lawrence Muni|Lawrenceville Vincen|Lawton Municipal|Le Mars Muni|Lebanon Muni|Lee C Fine Mem|Lee Gilmer Mem|Leesburg Executive|Leesburg Rgnl|Lemhi Co|Lenawee Co|Lewis University|Lewiston Nez Perce|Lewistown Muni|Lexington Blue Gras|Liberal Muni|Lidgerwood Ramos|Lima Allen Co|Limon Muni|Lincoln Municipal|Litchfield Muni|Little Rock Adams F|Little Rock Afb|Livingston Co|Logan Cache|London Corbin Arpt|Lonesome Pine|Long Island Mac Art|Longview|Lorain Co Rgnl|Louisa Co Freeman Fl|Louisville Standifo|Lowell|Lubbock Lubbock Int|Luce Co|Lynchburg Mun P G|Mackinack Island|Macon Lewis Bwilso|Madera Muni|Madison Dane County|Malmstrom Afhp|Manassas Rgnl Davis|Manchester|Manhattan Rgnl|Manistee Co Blacker|Manistique Amos|Manitowoc Co|Mankata Rgnl Arpt|Mansfield Lahm Rgnl|Marfa Municipal|Marianna Muni|Marietta Dobbins Af|Marion Muni|Marseilles Island|Marshall Town Muni|Marshfield Muni|Marthas Vineyard|Mason City Muni|Mason Co|Mason Jewett Fld|Massena Intl Richar|Matinicus Rock|Maxton|Maxwell Afb|Mbs Intl|Mc Alester Rgnl|Mc Allen Miller Int|Mc Call Muni|Mc Clellan Afld|Mc Comb Pike Co Joh|Mc Connell Afb|Mc Gregor Executive|Mc Kellar Sipes Rgn|Mc Minnville Muni|Mccook Rgnl|Mecklenburg Brunswi|Medford Jackson Cou|Medicine Lodge Amos|Meeker|Melbourne Regional|Memorial Fld|Memphis Intl Arpt|Menominee Marinette|Merced Muni Macready|Mercer Co|Meriden Markham Muni|Meridian Key Field|Meridian Nas|Merrill Muni|Metcalf Fld|Miami|Michael J Smith Fld|Mid Ohio Valley Rgn|Middleton Fld|Midland Midland Reg|Miles City|Millington Muni Arp|Millville Muni|Milwaukee Gen Mitc|Mineral Wells Muni|Minot Afb|Minot Intl|Miramar Mcas|Mission Fld|Missoula Johnson Be|Mitchell Muni|Mobile Bates Field|Mobile Downtown|Mobridge Muni|Modesto City Co Har|Moline Quad City|Monmouth Executive|Monroe Airport|Monroe Co|Monroe Muni|Monroe Rgnl|Montevideo Chippewa|Montgomery Co|Montgomery Dannelly|Monticello Muni|Monticello Rgnl|Montrose Rgnl|Moody Afb Valdosta|Moore Co|Mora Muni|Morgantown Muni Wal|Morris Muni|Morrisville Stowe St|Moses Lake Grant Co|Mount Ida|Mount Pleasant Muni|Mount Vernon|Mountain Empire|Mountain Home Afb|Mt Washington Rgnl|Mullan Awrs|Muscatine Muni|Muskegon|Muskogee Davis Fld|Myrtle Beach Civ|Nantucket Mem|Napa Co|Naples Muni|Nashville Metropoli|Natchez Hardy Awos|New Braunfels Muni|New Iberia Acadiana|New Orleans Moisant|New Orleans Nas Jrb|New River Mcas|New York John F Ke|New York La Guardia|Newark Intl Airport|Newnan Coweta Co|Newport|Newport News Willia|Newport State Beach|Newton City Co|Newton Muni|Niagara Falls Intl|Nogales Intl|Norfolk Intl Arpt|Norfolk Karl Stefan|Norfolk Ns|Norman Max Westheim|Norman Y Mineta San|North Bend Muni|North Central State|North Platte Lee Bi|Northeast Philadelph|Northeastern Rgnl|Northwest Alabama R|Norwood Mem|Nyc Central Park|Oak Ridge|Oakland Co Intl|Ocala Intl J Taylor|Ocean City Muni|Oconee Co Rgnl|Odessa Schlemeyer Fl|Offutt Afb|Ogden Hinckley Muni|Ohio State Universi|Oklahoma City W Ro|Oklahoma City Wiley|Olympia|Omaha|Omak|Ontaria Muni|Ontario Intl Arpt|Orange City Muni|Orange Co|Orangeburg Muni|Orlando Jetport|Orlando Sanford|Oroville Muni|Ortonville Muni Mart|Oscoda Wurtsmith|Oswego Co|Ottumwa Industrial|Outagamie Co Rgnl|Ozark Rgnl|Paducah Barkley|Page Muni Amos|Palacios Muni|Panama City Bay Co|Pangborn Mem|Park Falls Muni|Park Rapids Muni Kon|Patuxent River Nas|Peachtree City Falco|Pearson Fld|Pellston Rgnl Arpt|Pendleton Municipal|Penn Yan|Pensacola Rgnl|Perry Foley|Perry Stokes|Philadelphia Intl|Philip|Phoenix Sky Harbor|Pierre Rgnl|Pine Ridge|Pine River Rgnl|Pine Springs Guadalu|Pipestone Muni|Pitt Greenville|Plattsburgh Intl|Plymouth Municipal|Pocatello Municipal|Pocono Mountains Mun|Ponca City Muni|Pope Afb|Poplar Bluff Amos|Port Arthur Jeffers|Port Meadville|Porter Co Muni|Portland Hillsboro|Portland Intl Arpt|Portland Intnl Jet|Pottstown Limerick|Prairie Du Chien Mun|Presque Isle Awos|Price Carbon County|Princeton Muni|Providence Green St|Provo Muni|Pryor Fld Rgnl|Pueblo Memorial Aw|Pullman Moscow Rgnl|Purdue Univ|Quantico Mcaf|Quincy Rgnl Baldwin|Raleigh Raleigh Dur|Randolph Afb|Rapid City Regional|Rawlins Municipal|Reading Rgnl Carl|Red Bluff Municipal|Red Oak Muni|Red Wing Rgnl|Redding Municipal|Redwood Falls Muni|Reno Cannon Intl|Renton Muni|Republic|Rexburg Madison Co|Rhinelander Oneida|Rice Lake Rgnl Carls|Richard I Bong|Richard Lloyd Jones|Richmond Byrd Field|Rickenbacker Intl|Riverside March Afb|Riverton|Roanoke Municipal|Roben Hood|Robert Gray Aaf|Roberts Fld|Robins Afb|Rochester Monroe Co|Rochester Municipal|Rock Hill York Co|Rock Springs Sweetw|Rocky Mount Wilson|Rogers Muni Carter F|Rolla Vichy Airport|Rome Russell Ramos|Roseau Muni Billberg|Roseburg Rgnl|Roswell Industrial|Rush City Rgnl|Russell Muni|Russellville Rgnl|Rutherfordton|Rutland State|Sacramento Intl|Safford Rgnl|Salem Leckrone|Salem Mcnary|Salina Muni|Salinas Muni|Salisbury Ocean Cit|Salt Lake City Intl|San Angelo Mathis|San Antonio Intl|San Francisco Intl|San Luis Co Rgnl|San Marcos Muni|Sanderson Fld|Sanford Rgnl|Santa Barbara Muni|Santa Fe Co Muni|Sarasota Bradenton|Sault Ste Marie|Savannah Municipal|Sawyer Co|Sawyer Intl|Scappoose Industrial|Schenck Fld|Scott Afb Midameric|Scottsbluff Heilig|Searle Fld|Sedalia Memorial|Selfridge Angb|Sexton Summit|Seymour Johnson Afb|Shannon|Shaw Afb Sumter|Sheboygan Co Mem|Shelbyville Muni|Sheldon Muni|Shenandoah Muni|Shenandoah Valley Rg|Sheridan Co Arpt|Shreveport Regional|Sidney Muni Amos|Sidney Richland Muni|Sierra Blanca Rgnl|Silver Bay Muni|Sioux City Muni|Sioux Falls Foss Fi|Siskiyou Co|Sisseton Muni Arpt|Skyhaven|Slidell|Smith Reynolds|Snohomish Co|Somerset Pulaski Co|South Arkansas Rgnl|South Bass Island|South Bend Stjosep|South Big Horn Co|South Jersey Rgnl|South St Paul Muni|Southeast Iowa Rgnl|Southern Illinois|Southern Wisc Rgnl|Southwest Florida I|Southwest Michigan|Spart Fort Mc Coy|Spencer|Spirit Of St Louis|Springfield Capital|Springfield Comanche|Springfield Muni|St Augustine|St Clair Co Intl|St Cloud Municipal|St George Muni|St Johns Industrial|St Joseph Rose Cra|St Louis Lambert|St Lucie Co Intl|St Paul Downtown Ho|St Petersburg Clear|Stanley Ranger Stn|Staples Muni|Stephenville Clark|Sterling Rockfalls|Stevens Point Muni|Stillwater Rgnl|Stinson Muni|Stockton Metropolit|Storm Lake Muni|Strother Fld|Stuttgart Muni|Suffolk Executive|Suger Land Rgnl|Sullivan Co Intl|Sussex Co|Sw Minnesota Rgnl|Syracuse Hancock|Tallahassee Municip|Tampa Intl Airport|Taos Muni Apt Awos|Taunton Muni|Taylor Co|Tekamah Muni|Terre Haute Intl Hu|Terrell Muni|Teterboro|Texarkana Rgnl Webb|The Oneill Muni J Ba|Thief River Falls Rg|Thomas Point|Tinker Afb|Toledo Express|Tonopah|Topeka Billard Muni|Torrington Muni|Trent Lott Intl|Trenton Mercer|Tri Cities|Tri Cities Rgnl|Tri City|Truckee Tahoe|Tulip City|Tulsa Intl Arpt Aw|Tupelo Cd Lemons|Tuscaloosa Rgnl|Twin County|Tyler Pounds Rgnl|Ukiah Muni|Univ Of Illinois Wi|University Park|Valdosta Rgnl|Valentine Amos|Valley Intl|Valparaiso Eglin Af|Vance Afb|Venango Rgnl|Venice Pier|Vernal|Vero Beach Muni|Vicksburg Tallulah|Victoria Victoria R|Virginia Highlands|Virginia Tech Arpt|Visalia Muni|W H Morse State|W K Kellogg|Waco Rgnl|Wadena|Wakefield Muni|Walla Walla Rgnl|Wallops Isl Stn|Walnut Ridge Rgnl|Washington Co|Washington Muni|Washington National|Waterbury Oxford|Waterloo Municipal|Watertown Intl|Watertown Muni|Waterville R Lafleur|Watsonville Muni|Waukesha Co|Wausau Downtown|Waycross Ware Co|Wayne Co|Webster City Muni|Wellsville Muni|Wendover Af Aux F|West Bend Muni|West Palm Beach In|West Plains Muni|West Point Ls|Westchester Co|Wexford Co|Wheaton Muni|Wheeling Ohio Co|White Sands|Whiteman Afb|Whiting Fld Nas Nort|Wichita Falls Sheps|Wichita Mid Contine|Wilkes Barre Scrant|William R Fairchild|Williamson Co Rgnl|Williamsport Lycomi|Williston Sloulin F|Willmar Rco|Willow Grove Nas Jr|Wilmington|Wilmington New Cast|Winchester Rgnl|Winder Barrow|Windham Airport|Windom Muni|Window Rock|Winkler Co|Winnemucca Muni|Winner|Winona Muni Conrad F|Winslow Aut|Wiscasset|Wittman Rgnl|Worcester Regional Arpt|Worland Muni|Worthington Muni|Yakima Air Terminal|Yeager|York|Youngstown Muni|Yuba Co|Yuma Intl Airport|Zanesville Muni,Categorical: must match allowable enumerations in TSV or '__MISSING__'.
ResStock,in.sqft,integer,sqft,Conditioned floor area of the representative housing unit,273|298|322|623|625|634|854|872|881|1138|1207|1228|1678|1682|1698|2115|2152|2179|2648|2663|2678|3171|3228|3310|5587|6348|7414,Categorical: must match allowable enumerations in TSV or '__MISSING__'.
ResStock,in.interior_shading,string,n/a,Fraction of window shading in the summer and winter,"Summer = 0.7, Winter = 0.85",Categorical: must match allowable enumerations in TSV or '__MISSING__'.
ResStock,in.ashrae_iecc_climate_zone_2004,string,n/a,IECC climate zone according to ASHRAE 169 in 2004 and IECC in 2012,1A|2A|2B|3A|3B|3C|4A|4B|4C|5A|5B|6A|6B|7A|7B,Categorical: must match allowable enumerations in TSV or '__MISSING__'.
ResStock,in.misc_hot_tub_spa,string,n/a,Presence and fuel type of hot tub,Electricity|Natural Gas|None|Other Fuel,Categorical: must match allowable enumerations in TSV or '__MISSING__'.
ResStock,in.geometry_building_type_recs,string,n/a,PUMS 2019 building type,Mobile Home|Multi-Family with 2 - 4 Units|Multi-Family with 5+ Units|Single-Family Attached|Single-Family Detached,Categorical: must match allowable enumerations in TSV or '__MISSING__'.
ResStock,in.clothes_washer,string,n/a,Presence and rated efficiency of the clothes washer,EnergyStar|None|Standard,Categorical: must match allowable enumerations in TSV or '__MISSING__'.
ResStock,in.usage_level,string,n/a,Usage of major appliances relative to the national average,High|Low|Medium,Categorical: must match allowable enumerations in TSV or '__MISSING__'.
ResStock,in.battery,string,n/a,"The presence, size, location, and efficiency of an onsite battery (not modeled in 2024.2 dataset)",None,Categorical: must match allowable enumerations in TSV or '__MISSING__'.
ResStock,in.clothes_dryer_usage_level,string,n/a,Clothes dryer energy usage level multiplier,100% Usage|120% Usage|80% Usage,Categorical: must match allowable enumerations in TSV or '__MISSING__'.
ResStock,in.door_area,string,sqft,Area of exterior doors,20 ft^2,Categorical: must match allowable enumerations in TSV or '__MISSING__'.
ResStock,in.income_recs_2020,string,$,Income bin of the household occupying the dwelling unit aligned with the 2020 U.S. Energy Information Administration Residential Energy Consumption Survey,100000-149999|150000+|20000-39999|40000-59999|60000-99999|<20000|Not Available,Categorical: must match allowable enumerations in TSV or '__MISSING__'.
ResStock,in.windows,string,n/a,Construction type and efficiency levels of windows,"Double, Clear, Metal, Air|Double, Clear, Metal, Air, Exterior Clear Storm|Double, Clear, Non-metal, Air|Double, Clear, Non-metal, Air, Exterior Clear Storm|Double, Low-E, Non-metal, Air, M-Gain|Single, Clear, Metal|Single, Clear, Metal, Exterior Clear Storm|Single, Clear, Non-metal|Single, Clear, Non-metal, Exterior Clear Storm|Triple, Low-E, Non-metal, Air, L-Gain",Categorical: must match allowable enumerations in TSV or '__MISSING__'.
ResStock,out.params.duct_unconditioned_surface_area_ft_2,float,sqft,"Unconditioned surface area of duct (i.e., surface area that is outside conditioned space)",n/a,Categorical: must match allowable enumerations in TSV or '__MISSING__'.
ResStock,in.geometry_building_horizontal_location_sfa,string,n/a,"Location of the single-family attached unit horizontally within the building (left, middle, right)",Left|Middle|None|Right,Categorical: must match allowable enumerations in TSV or '__MISSING__'.
ResStock,in.hvac_shared_efficiencies,string,n/a,Presence and efficiency of shared HVAC system,"Boiler Baseboards Heating Only, Electricity|Boiler Baseboards Heating Only, Fuel|Fan Coil Cooling Only|Fan Coil Heating and Cooling, Electricity|Fan Coil Heating and Cooling, Fuel|None",Categorical: must match allowable enumerations in TSV or '__MISSING__'.
ResStock,in.dehumidifier,string,n/a,"Presence, water removal rate, and humidity setpoint of dehumidifier (not modeled in 2024.2 dataset)",None,Categorical: must match allowable enumerations in TSV or '__MISSING__'.
ResStock,in.plug_load_diversity,string,n/a,Plug load diversity multiplier relative to the national average,100%|200%|50%,Categorical: must match allowable enumerations in TSV or '__MISSING__'.
ResStock,in.heating_fuel,string,n/a,Fuel used for primary heating,Electricity|Fuel Oil|Natural Gas|None|Other Fuel|Propane,Categorical: must match allowable enumerations in TSV or '__MISSING__'.
ResStock,in.clothes_dryer,string,n/a,"The presence, rated efficiency, and fuel type of the clothes dryer in the dwelling unit",Electric|Gas|None|Propane,Categorical: must match allowable enumerations in TSV or '__MISSING__'.
ResStock,in.geometry_building_horizontal_location_mf,string,n/a,"Location of the multifamily unit horizontally within the building (left, middle, right)",Left|Middle|None|Not Applicable|Right,Categorical: must match allowable enumerations in TSV or '__MISSING__'.
ResStock,in.emissions_electricity_units,string,n/a,"Electricity emissions factors units. If multiple scenarios, use a comma-separated list. Only lb/MWh and kg/MWh are allowed","kg/MWh,kg/MWh,kg/MWh,kg/MWh",Categorical: must match allowable enumerations in TSV or '__MISSING__'.
ResStock,in.geometry_wall_type,string,n/a,Exterior wall material,Brick|Concrete|Steel Frame|Wood Frame,Categorical: must match allowable enumerations in TSV or '__MISSING__'.
ResStock,in.dishwasher,string,n/a,Presence and rated efficiency of dishwasher,290 Rated kWh|318 Rated kWh|None,Categorical: must match allowable enumerations in TSV or '__MISSING__'.
ResStock,in.has_pv,boolean,n/a,Presence of rooftop PV,No|Yes,Categorical: must match allowable enumerations in TSV or '__MISSING__'.
ResStock,out.params.floor_area_lighting_ft_2,float,sqft,Floor area of the space that has lighting,n/a,Categorical: must match allowable enumerations in TSV or '__MISSING__'.
ResStock,in.corridor,string,n/a,Type of corridor,Double-Loaded Interior|Not Applicable,Categorical: must match allowable enumerations in TSV or '__MISSING__'.
ResStock,in.household_has_tribal_persons,string,n/a,The the dwelling unit houses at least one tribal person,No|Not Available|Yes,Categorical: must match allowable enumerations in TSV or '__MISSING__'.
ResStock,in.hvac_system_single_speed_ashp_charge,string,n/a,Not used,None,Categorical: must match allowable enumerations in TSV or '__MISSING__'.
ResStock,in.cooking_range,string,n/a,Presence and fuel type of the cooking range,Electric Induction|Electric Resistance|Gas|None|Propane,Categorical: must match allowable enumerations in TSV or '__MISSING__'.
ResStock,in.geometry_wall_exterior_finish,string,n/a,Exterior wall finish material and color,"Aluminum, Light|Brick, Light|Brick, Medium/Dark|Fiber-Cement, Light|None|Shingle, Asbestos, Medium|Shingle, Composition, Medium|Stucco, Light|Stucco, Medium/Dark|Vinyl, Light|Wood, Medium/Dark",Categorical: must match allowable enumerations in TSV or '__MISSING__'.
ResStock,in.hvac_heating_type_and_fuel,string,n/a,"Presence, type, and fuel of primary heating system",Electricity ASHP|Electricity Baseboard|Electricity Electric Boiler|Electricity Electric Furnace|Electricity Electric Wall Furnace|Electricity MSHP|Electricity Shared Heating|Fuel Oil Fuel Boiler|Fuel Oil Fuel Furnace|Fuel Oil Fuel Wall/Floor Furnace|Fuel Oil Shared Heating|Natural Gas Fuel Boiler|Natural Gas Fuel Furnace|Natural Gas Fuel Wall/Floor Furnace|Natural Gas Shared Heating|None|Other Fuel Fuel Boiler|Other Fuel Fuel Furnace|Other Fuel Fuel Wall/Floor Furnace|Other Fuel Shared Heating|Propane Fuel Boiler|Propane Fuel Furnace|Propane Fuel Wall/Floor Furnace|Propane Shared Heating,Categorical: must match allowable enumerations in TSV or '__MISSING__'.
ResStock,in.hvac_system_single_speed_ac_charge,string,n/a,Not used,None,Categorical: must match allowable enumerations in TSV or '__MISSING__'.
ResStock,in.holiday_lighting,string,n/a,"Presence, energy usage, and schedule of holiday lighting (not modeled in 2024.2 dataset)",No Exterior Use,Categorical: must match allowable enumerations in TSV or '__MISSING__'.
ResStock,in.building_america_climate_zone,string,n/a,Building America climate zone,Cold|Hot-Dry|Hot-Humid|Marine|Mixed-Dry|Mixed-Humid|Very Cold,Categorical: must match allowable enumerations in TSV or '__MISSING__'.
ResStock,in.puma_metro_status,string,n/a,The public use microdata area metropolitan status,"In metro area, not/partially in principal city|In metro area, principal city|Not/partially in metro area",Categorical: must match allowable enumerations in TSV or '__MISSING__'.
ResStock,in.utility_bill_electricity_fixed_charges,string,$/month,"Electricity utility bill monthly fixed charges. If multiple scenarios, use a comma-separated list",,Numeric: provide value in units from TSV; use NaN/blank to trigger missing handling.
ResStock,in.utility_bill_natural_gas_marginal_rates,string,$/therm,"Natural gas utility bill marginal rates. If multiple scenarios, use a comma-separated list",,Numeric: provide value in units from TSV; use NaN/blank to trigger missing handling.
ResStock,in.insulation_rim_joist,string,n/a,Insulation level for rim joists,"None|R-10, Exterior|R-15, Exterior|R-5, Exterior|Uninsulated",Categorical: must match allowable enumerations in TSV or '__MISSING__'.
ResStock,in.hvac_has_shared_system,string,n/a,Presence of shared HVAC system,Cooling Only|Heating Only|Heating and Cooling|None,Categorical: must match allowable enumerations in TSV or '__MISSING__'.
ResStock,in.ashrae_iecc_climate_zone_2004_2_a_split,string,n/a,"Climate zone according to ASHRAE 169 in 2004 and IECC in 2012, where climate zone 2A is split between counties in TX, LA versus FL, GA, AL, and MS","1A|2A - FL, GA, AL, MS|2A - TX, LA|2B|3A|3B|3C|4A|4B|4C|5A|5B|6A|6B|7A|7B",Categorical: must match allowable enumerations in TSV or '__MISSING__'.
ResStock,in.misc_freezer,string,n/a,Presence and rated efficiency of standalone freezer,"EF 12, National Average|None",Categorical: must match allowable enumerations in TSV or '__MISSING__'.
ResStock,in.misc_gas_fireplace,string,n/a,Presence of gas fireplace,Gas Fireplace|None,Categorical: must match allowable enumerations in TSV or '__MISSING__'.
ResStock,in.radiant_barrier,string,n/a,Presence of radiant barrier in attic,No|None,Categorical: must match allowable enumerations in TSV or '__MISSING__'.
ResStock,in.pv_orientation,string,n/a,Presence and orientation of rooftop PV system,East|None|North|Northeast|Northwest|South|Southeast|Southwest|West,Categorical: must match allowable enumerations in TSV or '__MISSING__'.
ResStock,out.params.floor_area_conditioned_infiltration_reduction_ft_2_delta_ach_50,float,sqft*delta ACH50,Floor area of conditioned space multiple by the reduction of infiltration from the upgrade,n/a,Categorical: must match allowable enumerations in TSV or '__MISSING__'.
ResStock,in.window_areas,string,n/a,"Window to wall ratios of the front, back, left, and right walls ",F12 B12 L12 R12|F15 B15 L15 R15|F18 B18 L18 R18|F30 B30 L30 R30|F6 B6 L6 R6|F9 B9 L9 R9,Categorical: must match allowable enumerations in TSV or '__MISSING__'.
ResStock,in.geometry_stories,integer,n/a,Number of building stories in which dwelling unit is located,1|10|11|12|13|14|15|2|20|21|3|35|4|5|6|7|8|9,Categorical: must match allowable enumerations in TSV or '__MISSING__'.
ResStock,in.mechanical_ventilation,string,n/a,Mechanical ventilation type and efficiency,None,Categorical: must match allowable enumerations in TSV or '__MISSING__'.
ResStock,in.hvac_system_single_speed_ac_airflow,string,cfm/ton,Not used,None,Categorical: must match allowable enumerations in TSV or '__MISSING__'.
ResStock,out.params.slab_perimeter_exposed_conditioned_ft,float,ft,The perimeter of slab that is exposed to conditioned space,n/a,Categorical: must match allowable enumerations in TSV or '__MISSING__'.
ResStock,in.cooling_setpoint_offset_magnitude,string,F,The magnitude of cooling setpoint offset,0F|2F|5F|9F,Categorical: must match allowable enumerations in TSV or '__MISSING__'.
ResStock,in.state,string,n/a,State,AL|AR|AZ|CA|CO|CT|DC|DE|FL|GA|IA|ID|IL|IN|KS|KY|LA|MA|MD|ME|MI|MN|MO|MS|MT|NC|ND|NE|NH|NJ|NM|NV|NY|OH|OK|OR|PA|RI|SC|SD|TN|TX|UT|VA|VT|WA|WI|WV|WY,Categorical: must match allowable enumerations in TSV or '__MISSING__'.
ResStock,in.utility_bill_propane_marginal_rates,string,$/gallon,"Propane utility bill marginal rates. If multiple scenarios, use a comma-separated list",,Numeric: provide value in units from TSV; use NaN/blank to trigger missing handling.
ResStock,in.hvac_system_is_faulted,string,n/a,Not used,No,Categorical: must match allowable enumerations in TSV or '__MISSING__'.
ResStock,in.weather_file_longitude,float,degrees,Longitude of location of weather file ,-124.25|-124.24|-124.11|-124.07|-123.94|-123.88|-123.5|-123.38|-123.36|-123.29|-123.21|-123.2|-123.15|-123.13|-123.02|-123.0|-122.95|-122.9|-122.87|-122.86|-122.81|-122.77|-122.76|-122.66|-122.6|-122.55|-122.54|-122.47|-122.43|-122.4|-122.31|-122.28|-122.25|-122.21|-122.15|-122.12|-122.05|-121.95|-121.93|-121.79|-121.72|-121.62|-121.61|-121.59|-121.57|-121.44|-121.4|-121.24|-121.17|-121.15|-120.95|-120.71|-120.64|-120.57|-120.53|-120.51|-120.4|-120.21|-120.13|-120.11|-120.0|-119.84|-119.77|-119.72|-119.63|-119.6|-119.52|-119.38|-119.32|-119.26|-119.12|-119.1|-119.06|-118.95|-118.83|-118.7|-118.57|-118.36|-118.3|-118.29|-118.01|-117.81|-117.73|-117.65|-117.57|-117.42|-117.32|-117.25|-117.15|-117.11|-117.09|-117.01|-116.82|-116.63|-116.22|-116.1|-116.03|-116.01|-115.87|-115.8|-115.79|-115.6|-115.58|-115.16|-114.93|-114.85|-114.72|-114.6|-114.49|-114.46|-114.26|-114.22|-114.09|-114.02|-113.94|-113.87|-113.77|-113.58|-113.1|-112.57|-112.55|-112.51|-112.42|-112.38|-112.07|-112.01|-111.99|-111.97|-111.96|-111.88|-111.85|-111.72|-111.67|-111.45|-111.38|-111.19|-111.15|-110.88|-110.85|-110.75|-110.73|-110.72|-110.45|-110.11|-109.78|-109.75|-109.64|-109.6|-109.51|-109.47|-109.38|-109.07|-109.06|-108.95|-108.79|-108.63|-108.54|-108.46|-108.23|-108.08|-107.95|-107.9|-107.89|-107.76|-107.73|-107.72|-107.52|-107.22|-107.2|-107.03|-106.98|-106.95|-106.92|-106.87|-106.72|-106.62|-106.48|-106.47|-106.38|-106.32|-106.09|-105.98|-105.89|-105.87|-105.67|-105.66|-105.57|-105.54|-105.53|-105.39|-105.14|-104.85|-104.81|-104.8|-104.75|-104.71|-104.66|-104.62|-104.54|-104.5|-104.34|-104.26|-104.25|-104.18|-104.15|-104.02|-103.72|-103.64|-103.63|-103.6|-103.55|-103.53|-103.32|-103.23|-103.2|-103.15|-103.1|-103.07|-103.05|-102.99|-102.92|-102.8|-102.69|-102.66|-102.61|-102.55|-102.52|-102.39|-102.28|-102.21|-101.87|-101.82|-101.77|-101.71|-101.69|-101.6|-101.44|-101.39|-101.36|-101.28|-100.96|-100.92|-100.78|-100.75|-100.73|-100.67|-100.59|-100.55|-100.49|-100.41|-100.29|-99.98|-99.97|-99.85|-99.84|-99.83|-99.78|-99.77|-99.68|-99.64|-99.47|-99.33|-99.32|-99.28|-99.27|-99.22|-99.2|-99.17|-99.05|-99.0|-98.98|-98.9|-98.85|-98.83|-98.68|-98.55|-98.49|-98.47|-98.46|-98.43|-98.42|-98.4|-98.31|-98.28|-98.24|-98.23|-98.18|-98.06|-98.05|-98.04|-98.03|-97.99|-97.98|-97.86|-97.85|-97.83|-97.82|-97.77|-97.69|-97.68|-97.67|-97.66|-97.65|-97.6|-97.51|-97.45|-97.44|-97.43|-97.42|-97.4|-97.38|-97.36|-97.33|-97.32|-97.3|-97.27|-97.23|-97.22|-97.2|-97.18|-97.15|-97.12|-97.1|-97.09|-97.05|-97.04|-96.99|-96.97|-96.95|-96.93|-96.85|-96.81|-96.8|-96.76|-96.75|-96.68|-96.62|-96.59|-96.53|-96.52|-96.42|-96.4|-96.38|-96.36|-96.3|-96.27|-96.25|-96.19|-96.18|-96.17|-96.05|-96.02|-95.98|-95.97|-95.9|-95.89|-95.88|-95.83|-95.82|-95.78|-95.75|-95.7|-95.68|-95.66|-95.63|-95.59|-95.57|-95.55|-95.5|-95.48|-95.46|-95.45|-95.41|-95.4|-95.39|-95.37|-95.36|-95.32|-95.25|-95.23|-95.21|-95.2|-95.16|-95.1|-95.08|-95.07|-95.03|-95.02|-94.98|-94.93|-94.92|-94.91|-94.89|-94.86|-94.81|-94.78|-94.75|-94.74|-94.72|-94.71|-94.7|-94.61|-94.59|-94.5|-94.42|-94.4|-94.38|-94.37|-94.35|-94.3|-94.27|-94.22|-94.17|-94.13|-94.1|-94.05|-94.02|-94.01|-93.92|-93.9|-93.87|-93.84|-93.82|-93.75|-93.67|-93.66|-93.62|-93.61|-93.58|-93.55|-93.48|-93.47|-93.4|-93.39|-93.37|-93.35|-93.33|-93.27|-93.25|-93.23|-93.2|-93.19|-93.18|-93.16|-93.1|-93.05|-93.03|-93.02|-92.95|-92.93|-92.92|-92.81|-92.69|-92.56|-92.55|-92.54|-92.5|-92.49|-92.48|-92.47|-92.45|-92.4|-92.3|-92.25|-92.22|-92.19|-92.16|-92.15|-92.09|-92.04|-91.99|-91.97|-91.94|-91.9|-91.88|-91.77|-91.75|-91.73|-91.71|-91.7|-91.67|-91.64|-91.57|-91.54|-91.49|-91.44|-91.42|-91.4|-91.33|-91.3|-91.25|-91.19|-91.15|-91.14|-91.13|-91.12|-91.03|-90.93|-90.92|-90.73|-90.7|-90.68|-90.66|-90.65|-90.59|-90.52|-90.47|-90.45|-90.42|-90.37|-90.34|-90.33|-90.32|-90.3|-90.25|-90.24|-90.23|-90.19|-90.16|-90.12|-90.08|-90.03|-89.99|-89.87|-89.84|-89.83|-89.82|-89.77|-89.72|-89.7|-89.68|-89.67|-89.63|-89.58|-89.57|-89.52|-89.47|-89.4|-89.35|-89.34|-89.27|-89.25|-89.1|-89.09|-89.07|-89.04|-89.0|-88.95|-88.92|-88.87|-88.86|-88.77|-88.75|-88.73|-88.72|-88.7|-88.68|-88.57|-88.56|-88.53|-88.52|-88.51|-88.49|-88.48|-88.44|-88.28|-88.25|-88.23|-88.17|-88.12|-88.11|-88.08|-88.07|-87.94|-87.9|-87.88|-87.87|-87.85|-87.81|-87.75|-87.68|-87.67|-87.64|-87.62|-87.61|-87.54|-87.5|-87.42|-87.38|-87.3|-87.25|-87.19|-87.09|-87.04|-87.02|-87.01|-86.95|-86.94|-86.79|-86.78|-86.75|-86.69|-86.62|-86.52|-86.47|-86.44|-86.42|-86.4|-86.39|-86.36|-86.33|-86.3|-86.27|-86.24|-86.23|-86.15|-86.1|-86.08|-85.97|-85.86|-85.8|-85.73|-85.71|-85.68|-85.66|-85.58|-85.55|-85.52|-85.5|-85.45|-85.44|-85.42|-85.39|-85.27|-85.25|-85.21|-85.2|-85.19|-85.18|-85.16|-85.09|-85.05|-85.03|-85.0|-84.94|-84.9|-84.87|-84.85|-84.8|-84.77|-84.73|-84.7|-84.69|-84.67|-84.64|-84.61|-84.6|-84.58|-84.57|-84.53|-84.52|-84.46|-84.43|-84.42|-84.37|-84.35|-84.3|-84.23|-84.22|-84.19|-84.08|-84.05|-84.03|-83.99|-83.98|-83.83|-83.82|-83.8|-83.75|-83.67|-83.65|-83.6|-83.58|-83.57|-83.48|-83.43|-83.42|-83.37|-83.35|-83.33|-83.31|-83.28|-83.19|-83.11|-83.08|-83.06|-82.98|-82.92|-82.89|-82.88|-82.83|-82.71|-82.69|-82.66|-82.56|-82.54|-82.52|-82.51|-82.45|-82.4|-82.27|-82.22|-82.18|-82.16|-82.04|-82.03|-81.99|-81.97|-81.93|-81.89|-81.87|-81.86|-81.85|-81.81|-81.78|-81.76|-81.69|-81.68|-81.59|-81.45|-81.44|-81.42|-81.39|-81.34|-81.33|-81.27|-81.24|-81.21|-81.2|-81.16|-81.15|-81.13|-81.12|-81.06|-81.05|-81.0|-80.94|-80.86|-80.82|-80.72|-80.7|-80.67|-80.65|-80.62|-80.48|-80.42|-80.4|-80.38|-80.3|-80.28|-80.23|-80.22|-80.18|-80.17|-80.1|-80.04|-80.02|-79.97|-79.94|-79.92|-79.88|-79.85|-79.83|-79.73|-79.48|-79.38|-79.37|-79.35|-79.34|-79.21|-79.1|-79.03|-78.95|-78.94|-78.92|-78.9|-78.88|-78.83|-78.79|-78.74|-78.73|-78.64|-78.45|-78.43|-78.41|-78.32|-78.13|-78.05|-77.99|-77.98|-77.97|-77.96|-77.9|-77.89|-77.85|-77.84|-77.73|-77.71|-77.68|-77.61|-77.58|-77.55|-77.5|-77.44|-77.43|-77.38|-77.32|-77.3|-77.06|-77.05|-77.03|-77.01|-76.92|-76.9|-76.89|-76.88|-76.87|-76.85|-76.76|-76.68|-76.66|-76.6|-76.57|-76.49|-76.43|-76.4|-76.39|-76.35|-76.29|-76.28|-76.19|-76.18|-76.1|-76.02|-75.98|-75.96|-75.75|-75.73|-75.72|-75.7|-75.6|-75.56|-75.55|-75.51|-75.5|-75.47|-75.45|-75.41|-75.38|-75.36|-75.23|-75.15|-75.12|-75.08|-75.01|-74.9|-74.85|-74.84|-74.81|-74.78|-74.58|-74.28|-74.27|-74.21|-74.17|-74.12|-74.06|-73.97|-73.88|-73.8|-73.71|-73.61|-73.48|-73.47|-73.42|-73.25|-73.17|-73.15|-73.13|-73.1|-72.94|-72.83|-72.65|-72.61|-72.58|-72.53|-72.52|-72.31|-72.28|-72.18|-71.88|-71.58|-71.54|-71.5|-71.48|-71.44|-71.43|-71.42|-71.29|-71.28|-71.18|-71.17|-71.02|-71.01|-70.95|-70.92|-70.73|-70.7|-70.62|-70.3|-70.28|-70.06|-69.8|-69.71|-69.67|-69.58|-68.87|-68.82|-68.37|-68.03,Categorical: must match allowable enumerations in TSV or '__MISSING__'.
ResStock,in.location_region,string,n/a,Custom ResStock region,CR02|CR03|CR04|CR05|CR06|CR07|CR08|CR09|CR10|CR11,Categorical: must match allowable enumerations in TSV or '__MISSING__'.
ResStock,in.orientation,string,n/a,Orientation of the building,East|North|Northeast|Northwest|South|Southeast|Southwest|West,Categorical: must match allowable enumerations in TSV or '__MISSING__'.
ResStock,in.ground_thermal_conductivity,float,Btu/hr-ft-F,The thermal conductivity of the ground using in foundation and geothermal heat pump heat transfer calculations,0.5|0.8|1.1|1.4|1.7|2.0|2.3|2.6,Categorical: must match allowable enumerations in TSV or '__MISSING__'.
ResStock,in.clothes_washer_usage_level,string,n/a,Clothes washer energy usage level multiplier,100% Usage|120% Usage|80% Usage,Categorical: must match allowable enumerations in TSV or '__MISSING__'.
ResStock,in.simulation_control_run_period_begin_month,integer,n/a,"The starting month number (1 = January, 2 = February, etc.) for the annual run period",1,Categorical: must match allowable enumerations in TSV or '__MISSING__'.
ResStock,in.natural_ventilation,string,n/a,Schedule of natural ventilation from windows,"Cooling Season, 7 days/wk",Categorical: must match allowable enumerations in TSV or '__MISSING__'.
ResStock,in.utility_bill_simple_filepaths,string,n/a,"Relative paths of simple utility rates. Paths are relative to the resources folder. If multiple scenarios, use a comma-separated list",,Numeric: provide value in units from TSV; use NaN/blank to trigger missing handling.
ResStock,in.dishwasher_usage_level,string,n/a,Dishwasher energy usage level multiplier,100% Usage|120% Usage|80% Usage,Categorical: must match allowable enumerations in TSV or '__MISSING__'.
ResStock,in.simulation_control_run_period_end_day_of_month,integer,n/a,The ending day of the ending month for the annual run period,31,Categorical: must match allowable enumerations in TSV or '__MISSING__'.
ResStock,in.misc_pool,string,n/a,Presence of pool,Has Pool|None,Categorical: must match allowable enumerations in TSV or '__MISSING__'.
ResStock,in.insulation_roof,string,n/a,Finished roof insulation level between roof and conditioned space,"Finished, R-13|Finished, R-19|Finished, R-30|Finished, R-38|Finished, R-49|Finished, R-7|Finished, Uninsulated|Unfinished, Uninsulated",Categorical: must match allowable enumerations in TSV or '__MISSING__'.
ResStock,in.income,string,$,Income bin of the household occupying the dwelling unit,10000-14999|100000-119999|120000-139999|140000-159999|15000-19999|160000-179999|180000-199999|20000-24999|200000+|25000-29999|30000-34999|35000-39999|40000-44999|45000-49999|50000-59999|60000-69999|70000-79999|80000-99999|<10000|Not Available,Categorical: must match allowable enumerations in TSV or '__MISSING__'.
ResStock,in.water_heater_in_unit,boolean,n/a,Individual water heater present or not present in the dwelling unit that solely serves the specific dwelling unit,No|Yes,Categorical: must match allowable enumerations in TSV or '__MISSING__'.
ResStock,in.hot_water_distribution,string,n/a,Hot water piping material and insulation level,Uninsulated,Categorical: must match allowable enumerations in TSV or '__MISSING__'.
ResStock,in.plug_loads,string,n/a,Plug load usage level relative to the national average,100%|101%|102%|103%|104%|105%|106%|108%|110%|113%|119%|121%|123%|134%|137%|140%|144%|166%|78%|79%|82%|84%|85%|86%|89%|91%|94%|95%|96%|97%|99%,Categorical: must match allowable enumerations in TSV or '__MISSING__'.
ResStock,in.utility_bill_scenario_names,string,n/a,"Names of utility bill scenarios. If multiple scenarios, use a comma-separated list. If multiple scenarios, use a comma-separated list",Bills,Categorical: must match allowable enumerations in TSV or '__MISSING__'.
ResStock,in.vintage,string,n/a,Range in which the builing was constructed,1940s|1950s|1960s|1970s|1980s|1990s|2000s|2010s|<1940,Categorical: must match allowable enumerations in TSV or '__MISSING__'.
ResStock,in.heating_setpoint_has_offset,boolean,n/a,Presence of heating setpoint offset,No|Yes,Categorical: must match allowable enumerations in TSV or '__MISSING__'.
ResStock,in.eaves,string,ft,Depth of roof eaves,2 ft,Categorical: must match allowable enumerations in TSV or '__MISSING__'.
ResStock,in.refrigerator_usage_level,string,n/a,Refrigerator energy usage level multiplier,100% Usage|105% Usage|95% Usage,Categorical: must match allowable enumerations in TSV or '__MISSING__'.
ResStock,in.geometry_attic_type,string,n/a,Type of attic,Finished Attic or Cathedral Ceilings|None|Unvented Attic|Vented Attic,Categorical: must match allowable enumerations in TSV or '__MISSING__'.
ResStock,in.generation_and_emissions_assessment_region,string,n/a,Generation and carbon emissions assessment (GEA) region from Cambium 2022,AZNMc|CAMXc|ERCTc|FRCCc|MROEc|MROWc|NEWEc|NWPPc|NYSTc|RFCEc|RFCMc|RFCWc|RMPAc|SPNOc|SPSOc|SRMVc|SRMWc|SRSOc|SRTVc|SRVCc,Categorical: must match allowable enumerations in TSV or '__MISSING__'.
ResStock,in.hvac_secondary_heating_fuel,string,n/a,Secondary HVAC system heating type and fuel (not modeled in 2024.2 baseline dataset),None,Categorical: must match allowable enumerations in TSV or '__MISSING__'.
ResStock,out.params.door_area_ft_2,float,sqft,Exterior door area,n/a,Categorical: must match allowable enumerations in TSV or '__MISSING__'.
ResStock,in.geometry_story_bin,string,n/a,The building in which dwelling unit is located has 8 or more versus fewer than 8 stories,8+|<8,Categorical: must match allowable enumerations in TSV or '__MISSING__'.
ResStock,in.pv_system_size,string,kWDC,Presence and size of rooftop PV system,1.0 kWDC|11.0 kWDC|13.0 kWDC|3.0 kWDC|5.0 kWDC|7.0 kWDC|9.0 kWDC|None,Categorical: must match allowable enumerations in TSV or '__MISSING__'.
ResStock,in.hvac_system_single_speed_ashp_airflow,string,cfm/ton,Not used,None,Categorical: must match allowable enumerations in TSV or '__MISSING__'.
ResStock,in.lighting_other_use,string,n/a,Exterior and garage lighting usage relative to the national average,100% Usage,Categorical: must match allowable enumerations in TSV or '__MISSING__'.
ResStock,in.misc_well_pump,string,n/a,Presence and efficiency of well pump,None|Typical Efficiency,Categorical: must match allowable enumerations in TSV or '__MISSING__'.
ResStock,in.infiltration,string,ACH50,Air leakage rates for the living and garage spaces,1 ACH50|10 ACH50|15 ACH50|2 ACH50|20 ACH50|25 ACH50|3 ACH50|30 ACH50|4 ACH50|40 ACH50|5 ACH50|50 ACH50|6 ACH50|7 ACH50|8 ACH50,Categorical: must match allowable enumerations in TSV or '__MISSING__'.
ResStock,in.refrigerator,string,n/a,The presence and rated efficiency of the primary refrigerator,EF 10.2|EF 10.5|EF 15.9|EF 17.6|EF 19.9|EF 21.9|EF 6.7|None,Categorical: must match allowable enumerations in TSV or '__MISSING__'.
ResStock,in.heating_setpoint,string,F,Baseline heating setpoint with no offset applied,55F|60F|62F|65F|67F|68F|70F|72F|75F|76F|78F|80F,Categorical: must match allowable enumerations in TSV or '__MISSING__'.
ResStock,in.census_division_recs,string,n/a,Census Division as used in RECS 2015,East North Central|East South Central|Middle Atlantic|Mountain North|Mountain South|New England|Pacific|South Atlantic|West North Central|West South Central,Categorical: must match allowable enumerations in TSV or '__MISSING__'.
ResStock,in.water_heater_fuel,string,n/a,Water heater fuel,Electricity|Fuel Oil|Natural Gas|Other Fuel|Propane,Categorical: must match allowable enumerations in TSV or '__MISSING__'.
ResStock,in.simulation_control_run_period_calendar_year,integer,n/a,The calendar year that determines the start day of week,2018 for AMY2018|2007 for TMY3,Categorical: must match allowable enumerations in TSV or '__MISSING__'.
ResStock,in.bedrooms,integer,n/a,Number of bedrooms,1|2|3|4|5,Categorical: must match allowable enumerations in TSV or '__MISSING__'.
ResStock,in.hot_water_fixtures,string,n/a,Hot water fixture usage and flow levels,100% Usage|200% Usage|50% Usage,Categorical: must match allowable enumerations in TSV or '__MISSING__'.
ResStock,in.duct_leakage_and_insulation,string,n/a,Duct insulation and leakage to outside from the portion of ducts in unconditioned spaces,"0% Leakage to Outside, Uninsulated|10% Leakage to Outside, R-4|10% Leakage to Outside, R-6|10% Leakage to Outside, R-8|10% Leakage to Outside, Uninsulated|20% Leakage to Outside, R-4|20% Leakage to Outside, R-6|20% Leakage to Outside, R-8|20% Leakage to Outside, Uninsulated|30% Leakage to Outside, R-4|30% Leakage to Outside, R-6|30% Leakage to Outside, R-8|30% Leakage to Outside, Uninsulated|None",Categorical: must match allowable enumerations in TSV or '__MISSING__'.
ResStock,in.water_heater_location,string,n/a,Water heater location for the dwelling unit if applicable,Attic|Crawlspace|Garage|Heated Basement|Living Space|None|Outside|Unheated Basement,Categorical: must match allowable enumerations in TSV or '__MISSING__'.
ResStock,in.weather_file_latitude,float,degrees,Latitude of location of weather file ,24.73|25.82|25.91|26.15|26.18|26.2|26.23|26.54|26.59|26.69|26.92|27.07|27.4|27.5|27.55|27.66|27.74|27.77|27.91|27.96|28.08|28.1|28.37|28.43|28.46|28.47|28.55|28.73|28.78|28.82|28.86|29.11|29.17|29.18|29.27|29.34|29.36|29.37|29.53|29.55|29.61|29.62|29.69|29.71|29.73|29.83|29.87|29.89|29.91|29.95|29.99|30.04|30.06|30.07|30.13|30.18|30.21|30.22|30.23|30.32|30.35|30.37|30.39|30.4|30.41|30.46|30.47|30.48|30.49|30.51|30.54|30.59|30.63|30.68|30.69|30.72|30.74|30.75|30.78|30.84|30.92|30.97|31.05|31.07|31.09|31.15|31.18|31.23|31.25|31.26|31.28|31.32|31.34|31.35|31.4|31.42|31.47|31.49|31.54|31.58|31.61|31.78|31.81|31.83|31.92|31.93|32.01|32.03|32.12|32.17|32.22|32.26|32.3|32.32|32.33|32.34|32.35|32.38|32.39|32.41|32.43|32.45|32.48|32.5|32.51|32.52|32.55|32.63|32.65|32.66|32.69|32.71|32.73|32.78|32.82|32.83|32.84|32.85|32.86|32.87|32.9|32.97|33.18|33.21|33.22|33.31|33.36|33.37|33.44|33.45|33.46|33.47|33.48|33.5|33.56|33.59|33.62|33.64|33.67|33.68|33.78|33.88|33.9|33.92|33.94|33.95|33.97|33.98|34.03|34.05|34.12|34.15|34.18|34.19|34.22|34.25|34.26|34.27|34.35|34.38|34.43|34.48|34.5|34.52|34.55|34.57|34.6|34.64|34.65|34.66|34.67|34.7|34.72|34.73|34.75|34.79|34.83|34.9|34.92|34.99|35.0|35.01|35.02|35.03|35.04|35.06|35.07|35.13|35.14|35.17|35.2|35.21|35.22|35.24|35.26|35.27|35.33|35.34|35.35|35.38|35.39|35.42|35.43|35.51|35.53|35.59|35.62|35.64|35.65|35.66|35.7|35.73|35.74|35.82|35.83|35.85|35.86|35.87|35.92|35.95|36.0|36.01|36.02|36.03|36.04|36.05|36.08|36.1|36.12|36.13|36.16|36.2|36.26|36.3|36.32|36.34|36.35|36.37|36.43|36.44|36.45|36.46|36.48|36.57|36.62|36.63|36.66|36.67|36.68|36.69|36.7|36.73|36.74|36.77|36.78|36.88|36.9|36.93|36.94|36.98|36.99|37.0|37.04|37.05|37.06|37.08|37.09|37.13|37.14|37.15|37.17|37.18|37.21|37.23|37.24|37.26|37.28|37.29|37.3|37.32|37.33|37.34|37.36|37.37|37.44|37.51|37.59|37.62|37.63|37.65|37.66|37.67|37.7|37.71|37.75|37.76|37.77|37.78|37.8|37.81|37.86|37.89|37.9|37.93|37.94|37.95|37.99|38.01|38.04|38.05|38.06|38.07|38.1|38.13|38.14|38.18|38.19|38.21|38.23|38.25|38.26|38.27|38.28|38.29|38.31|38.32|38.33|38.34|38.38|38.45|38.5|38.51|38.53|38.57|38.59|38.64|38.66|38.67|38.69|38.7|38.72|38.73|38.75|38.76|38.81|38.82|38.83|38.85|38.87|38.89|38.9|38.95|39.01|39.04|39.06|39.07|39.08|39.1|39.12|39.13|39.14|39.17|39.19|39.22|39.23|39.25|39.29|39.3|39.32|39.35|39.36|39.37|39.38|39.4|39.42|39.45|39.46|39.48|39.49|39.53|39.55|39.57|39.58|39.59|39.6|39.64|39.67|39.7|39.71|39.76|39.77|39.78|39.8|39.83|39.85|39.87|39.91|39.92|39.94|39.98|39.99|40.04|40.05|40.07|40.08|40.1|40.12|40.14|40.15|40.17|40.18|40.19|40.2|40.21|40.22|40.23|40.24|40.28|40.3|40.33|40.36|40.37|40.41|40.44|40.45|40.46|40.47|40.48|40.5|40.52|40.6|40.62|40.63|40.65|40.66|40.67|40.68|40.71|40.72|40.73|40.75|40.77|40.78|40.79|40.82|40.83|40.85|40.88|40.89|40.9|40.92|40.96|40.98|41.01|41.02|41.05|41.07|41.1|41.11|41.12|41.14|41.16|41.17|41.18|41.2|41.24|41.25|41.26|41.28|41.3|41.31|41.34|41.37|41.39|41.41|41.44|41.45|41.47|41.48|41.51|41.52|41.53|41.54|41.56|41.59|41.61|41.62|41.63|41.67|41.7|41.71|41.72|41.74|41.76|41.77|41.78|41.79|41.8|41.81|41.82|41.83|41.87|41.88|41.91|41.92|41.93|41.98|41.99|42.05|42.06|42.07|42.08|42.11|42.13|42.15|42.16|42.17|42.19|42.2|42.21|42.22|42.24|42.26|42.27|42.31|42.36|42.39|42.4|42.42|42.44|42.47|42.48|42.54|42.55|42.57|42.58|42.6|42.61|42.62|42.63|42.64|42.67|42.7|42.73|42.74|42.75|42.76|42.78|42.79|42.8|42.86|42.88|42.89|42.9|42.91|42.92|42.93|42.94|42.95|42.97|42.99|43.02|43.04|43.06|43.08|43.11|43.12|43.14|43.16|43.17|43.2|43.21|43.23|43.24|43.28|43.32|43.34|43.35|43.39|43.41|43.42|43.43|43.52|43.53|43.57|43.58|43.59|43.61|43.62|43.63|43.64|43.65|43.66|43.67|43.68|43.72|43.73|43.77|43.78|43.83|43.88|43.9|43.91|43.96|43.97|43.98|43.99|44.02|44.05|44.08|44.13|44.15|44.17|44.2|44.22|44.25|44.26|44.27|44.28|44.3|44.32|44.34|44.36|44.37|44.38|44.39|44.44|44.45|44.47|44.5|44.51|44.52|44.53|44.55|44.58|44.59|44.61|44.62|44.64|44.65|44.74|44.77|44.81|44.83|44.84|44.85|44.86|44.87|44.88|44.91|44.93|44.94|44.97|44.99|45.01|45.06|45.07|45.1|45.12|45.13|45.15|45.2|45.25|45.26|45.29|45.31|45.42|45.45|45.47|45.54|45.55|45.56|45.57|45.59|45.6|45.62|45.63|45.64|45.67|45.7|45.72|45.77|45.78|45.79|45.81|45.82|45.83|45.87|45.88|45.89|45.93|45.95|46.01|46.03|46.1|46.14|46.16|46.27|46.31|46.35|46.36|46.38|46.41|46.43|46.45|46.47|46.53|46.55|46.56|46.57|46.61|46.69|46.7|46.73|46.74|46.77|46.8|46.83|46.84|46.9|46.92|46.93|46.97|47.03|47.05|47.12|47.13|47.16|47.17|47.21|47.24|47.25|47.33|47.4|47.47|47.49|47.5|47.51|47.62|47.66|47.67|47.68|47.71|47.75|47.77|47.84|47.91|47.95|47.97|48.07|48.09|48.11|48.12|48.16|48.2|48.21|48.26|48.3|48.43|48.46|48.52|48.56|48.57|48.61|48.73|48.75|48.79|48.86,Categorical: must match allowable enumerations in TSV or '__MISSING__'.
ResStock,in.cooling_setpoint,string,F,Baseline cooling setpoint with no offset applied,60F|62F|65F|67F|68F|70F|72F|75F|76F|78F|80F,Categorical: must match allowable enumerations in TSV or '__MISSING__'.
ResStock,in.lighting,string,n/a,Fraction of lighting types,100% CFL|100% Incandescent|100% LED,Categorical: must match allowable enumerations in TSV or '__MISSING__'.
ResStock,in.solar_hot_water,string,n/a,"Presence, size, and location of solar hot water system",None,Categorical: must match allowable enumerations in TSV or '__MISSING__'.
ResStock,in.geometry_building_type_acs,string,n/a,American Community Survey building type,10 to 19 Unit|2 Unit|20 to 49 Unit|3 or 4 Unit|5 to 9 Unit|50 or more Unit|Mobile Home|Single-Family Attached|Single-Family Detached,Categorical: must match allowable enumerations in TSV or '__MISSING__'.
ResStock,in.misc_pool_pump,string,n/a,Presence and size of pool pump,1.0 HP Pump|None,Categorical: must match allowable enumerations in TSV or '__MISSING__'.
ResStock,in.misc_gas_lighting,string,n/a,Presence of exterior gas lighting,Gas Lighting|None,Categorical: must match allowable enumerations in TSV or '__MISSING__'.
ResStock,in.aiannh_area,boolean,n/a,The sample is or is not located in census-deisgnated American Indian/Alaska Native/Native Hawaiian Area,No|Yes,Categorical: must match allowable enumerations in TSV or '__MISSING__'.
ResStock,in.geometry_garage,string,n/a,Size of garage,1 Car|2 Car|3 Car|None,Categorical: must match allowable enumerations in TSV or '__MISSING__'.
ResStock,out.params.size_water_heater_gal,float,gal,Size of water heater,n/a,Categorical: must match allowable enumerations in TSV or '__MISSING__'.
ResStock,in.geometry_stories_low_rise,string,n/a,Number of building stories for low rise building in which dwelling unit is located,1|2|3|4+,Categorical: must match allowable enumerations in TSV or '__MISSING__'.
ResStock,out.params.rim_joist_area_above_grade_exterior_ft_2,float,sqft,Exterior area of rim joist that is above grade,n/a,Categorical: must match allowable enumerations in TSV or '__MISSING__'.
ResStock,in.geometry_building_number_units_sfa,string,n/a,Number of units in the single-family attached building in which dwelling unit is located,10|12|144|15|16|20|24|30|36|5|50|6|60|7|8|90|None,Categorical: must match allowable enumerations in TSV or '__MISSING__'.
ResStock,in.hvac_secondary_heating_partial_space_conditioning,string,n/a,Fraction of heat load served by secondary heating system (not modeled in 2024.2 baseline dataset),None,Categorical: must match allowable enumerations in TSV or '__MISSING__'.
ResStock,in.simulation_control_run_period_begin_day_of_month,integer,n/a,The starting day of the starting month for the annual run period,1,Categorical: must match allowable enumerations in TSV or '__MISSING__'.
ResStock,in.county_name,string,n/a,County name,Abbeville County|Acadia Parish|Accomack County|Ada County|Adair County|Adams County|Addison County|Aiken County|Aitkin County|Alachua County|Alamance County|Alameda County|Alamosa County|Albany County|Albemarle County|Alcona County|Alcorn County|Alexander County|Alexandria city|Alfalfa County|Alger County|Allamakee County|Allegan County|Allegany County|Alleghany County|Allegheny County|Allen County|Allen Parish|Allendale County|Alpena County|Alpine County|Amador County|Amelia County|Amherst County|Amite County|Anderson County|Andrew County|Andrews County|Androscoggin County|Angelina County|Anne Arundel County|Anoka County|Anson County|Antelope County|Antrim County|Apache County|Appanoose County|Appling County|Appomattox County|Aransas County|Arapahoe County|Archer County|Archuleta County|Arenac County|Arkansas County|Arlington County|Armstrong County|Aroostook County|Arthur County|Ascension Parish|Ashe County|Ashland County|Ashley County|Ashtabula County|Asotin County|Assumption Parish|Atascosa County|Atchison County|Athens County|Atkinson County|Atlantic County|Atoka County|Attala County|Audrain County|Audubon County|Auglaize County|Augusta County|Aurora County|Austin County|Autauga County|Avery County|Avoyelles Parish|Baca County|Bacon County|Bailey County|Baker County|Baldwin County|Ballard County|Baltimore County|Baltimore city|Bamberg County|Bandera County|Banks County|Banner County|Bannock County|Baraga County|Barber County|Barbour County|Barnes County|Barnstable County|Barnwell County|Barren County|Barron County|Barrow County|Barry County|Bartholomew County|Barton County|Bartow County|Bastrop County|Bates County|Bath County|Baxter County|Bay County|Bayfield County|Baylor County|Beadle County|Bear Lake County|Beaufort County|Beauregard Parish|Beaver County|Beaverhead County|Becker County|Beckham County|Bedford County|Bee County|Belknap County|Bell County|Belmont County|Beltrami County|Ben Hill County|Benewah County|Bennett County|Bennington County|Benson County|Bent County|Benton County|Benzie County|Bergen County|Berkeley County|Berks County|Berkshire County|Bernalillo County|Berrien County|Bertie County|Bexar County|Bibb County|Bienville Parish|Big Horn County|Big Stone County|Billings County|Bingham County|Black Hawk County|Blackford County|Bladen County|Blaine County|Blair County|Blanco County|Bland County|Bleckley County|Bledsoe County|Blount County|Blue Earth County|Boise County|Bolivar County|Bollinger County|Bon Homme County|Bond County|Bonner County|Bonneville County|Boone County|Borden County|Bosque County|Bossier Parish|Botetourt County|Bottineau County|Boulder County|Boundary County|Bourbon County|Bowie County|Bowman County|Box Butte County|Box Elder County|Boyd County|Boyle County|Bracken County|Bradford County|Bradley County|Branch County|Brantley County|Braxton County|Brazoria County|Brazos County|Breathitt County|Breckinridge County|Bremer County|Brevard County|Brewster County|Briscoe County|Bristol County|Bristol city|Broadwater County|Bronx County|Brooke County|Brookings County|Brooks County|Broome County|Broomfield County|Broward County|Brown County|Brule County|Brunswick County|Bryan County|Buchanan County|Buckingham County|Bucks County|Buena Vista County|Buena Vista city|Buffalo County|Bullitt County|Bulloch County|Bullock County|Buncombe County|Bureau County|Burke County|Burleigh County|Burleson County|Burlington County|Burnet County|Burnett County|Burt County|Butler County|Butte County|Butts County|Cabarrus County|Cabell County|Cache County|Caddo County|Caddo Parish|Calaveras County|Calcasieu Parish|Caldwell County|Caldwell Parish|Caledonia County|Calhoun County|Callahan County|Callaway County|Calloway County|Calumet County|Calvert County|Camas County|Cambria County|Camden County|Cameron County|Cameron Parish|Camp County|Campbell County|Canadian County|Candler County|Cannon County|Canyon County|Cape Girardeau County|Cape May County|Carbon County|Caribou County|Carlisle County|Carlton County|Caroline County|Carroll County|Carson City|Carson County|Carter County|Carteret County|Carver County|Cascade County|Casey County|Cass County|Cassia County|Castro County|Caswell County|Catahoula Parish|Catawba County|Catoosa County|Catron County|Cattaraugus County|Cavalier County|Cayuga County|Cecil County|Cedar County|Centre County|Cerro Gordo County|Chaffee County|Chambers County|Champaign County|Chariton County|Charles City County|Charles County|Charles Mix County|Charleston County|Charlevoix County|Charlotte County|Charlottesville city|Charlton County|Chase County|Chatham County|Chattahoochee County|Chattooga County|Chautauqua County|Chaves County|Cheatham County|Cheboygan County|Chelan County|Chemung County|Chenango County|Cherokee County|Cherry County|Chesapeake city|Cheshire County|Chester County|Chesterfield County|Cheyenne County|Chickasaw County|Chicot County|Childress County|Chilton County|Chippewa County|Chisago County|Chittenden County|Choctaw County|Chouteau County|Chowan County|Christian County|Churchill County|Cibola County|Cimarron County|Citrus County|Clackamas County|Claiborne County|Claiborne Parish|Clallam County|Clare County|Clarendon County|Clarion County|Clark County|Clarke County|Clatsop County|Clay County|Clayton County|Clear Creek County|Clearfield County|Clearwater County|Cleburne County|Clermont County|Cleveland County|Clinch County|Clinton County|Cloud County|Coahoma County|Coal County|Cobb County|Cochise County|Cochran County|Cocke County|Coconino County|Codington County|Coffee County|Coffey County|Coke County|Colbert County|Cole County|Coleman County|Coles County|Colfax County|Colleton County|Collier County|Collin County|Collingsworth County|Colonial Heights city|Colorado County|Colquitt County|Columbia County|Columbiana County|Columbus County|Colusa County|Comal County|Comanche County|Concho County|Concordia Parish|Conecuh County|Conejos County|Contra Costa County|Converse County|Conway County|Cook County|Cooke County|Cooper County|Coos County|Coosa County|Copiah County|Corson County|Cortland County|Coryell County|Coshocton County|Costilla County|Cottle County|Cotton County|Cottonwood County|Covington County|Covington city|Coweta County|Cowley County|Cowlitz County|Craig County|Craighead County|Crane County|Craven County|Crawford County|Creek County|Crenshaw County|Crisp County|Crittenden County|Crockett County|Crook County|Crosby County|Cross County|Crow Wing County|Crowley County|Culberson County|Cullman County|Culpeper County|Cumberland County|Cuming County|Currituck County|Curry County|Custer County|Cuyahoga County|Dade County|Daggett County|Dakota County|Dale County|Dallam County|Dallas County|Dane County|Daniels County|Danville city|Dare County|Darke County|Darlington County|Dauphin County|Davidson County|Davie County|Daviess County|Davis County|Davison County|Dawes County|Dawson County|Day County|De Baca County|De Soto Parish|De Witt County|DeKalb County|DeSoto County|DeWitt County|Deaf Smith County|Dearborn County|Decatur County|Deer Lodge County|Defiance County|Del Norte County|Delaware County|Delta County|Dent County|Denton County|Denver County|Des Moines County|Deschutes County|Desha County|Deuel County|Dewey County|Dickens County|Dickenson County|Dickey County|Dickinson County|Dickson County|Dillon County|Dimmit County|Dinwiddie County|District of Columbia|Divide County|Dixie County|Dixon County|Doddridge County|Dodge County|Dolores County|Dona Ana County|Doniphan County|Donley County|Dooly County|Door County|Dorchester County|Dougherty County|Douglas County|Drew County|DuPage County|Dubois County|Dubuque County|Duchesne County|Dukes County|Dundy County|Dunklin County|Dunn County|Duplin County|Durham County|Dutchess County|Duval County|Dyer County|Eagle County|Early County|East Baton Rouge Parish|East Carroll Parish|East Feliciana Parish|Eastland County|Eaton County|Eau Claire County|Echols County|Ector County|Eddy County|Edgar County|Edgecombe County|Edgefield County|Edmonson County|Edmunds County|Edwards County|Effingham County|El Dorado County|El Paso County|Elbert County|Elk County|Elkhart County|Elko County|Elliott County|Ellis County|Ellsworth County|Elmore County|Emanuel County|Emery County|Emmet County|Emmons County|Emporia city|Erath County|Erie County|Escambia County|Esmeralda County|Essex County|Estill County|Etowah County|Eureka County|Evangeline Parish|Evans County|Fairfax County|Fairfax city|Fairfield County|Fall River County|Fallon County|Falls Church city|Falls County|Fannin County|Faribault County|Faulk County|Faulkner County|Fauquier County|Fayette County|Fentress County|Fergus County|Ferry County|Fillmore County|Finney County|Fisher County|Flagler County|Flathead County|Fleming County|Florence County|Floyd County|Fluvanna County|Foard County|Fond du Lac County|Ford County|Forest County|Forrest County|Forsyth County|Fort Bend County|Foster County|Fountain County|Franklin County|Franklin Parish|Franklin city|Frederick County|Fredericksburg city|Freeborn County|Freestone County|Fremont County|Fresno County|Frio County|Frontier County|Fulton County|Furnas County|Gadsden County|Gage County|Gaines County|Galax city|Gallatin County|Gallia County|Galveston County|Garden County|Garfield County|Garland County|Garrard County|Garrett County|Garvin County|Garza County|Gasconade County|Gaston County|Gates County|Geary County|Geauga County|Gem County|Genesee County|Geneva County|Gentry County|George County|Georgetown County|Gibson County|Gila County|Gilchrist County|Giles County|Gillespie County|Gilliam County|Gilmer County|Gilpin County|Glacier County|Glades County|Gladwin County|Glascock County|Glasscock County|Glenn County|Gloucester County|Glynn County|Gogebic County|Golden Valley County|Goliad County|Gonzales County|Goochland County|Goodhue County|Gooding County|Gordon County|Goshen County|Gosper County|Gove County|Grady County|Grafton County|Graham County|Grainger County|Grand County|Grand Forks County|Grand Isle County|Grand Traverse County|Granite County|Grant County|Grant Parish|Granville County|Gratiot County|Graves County|Gray County|Grays Harbor County|Grayson County|Greeley County|Green County|Green Lake County|Greenbrier County|Greene County|Greenlee County|Greensville County|Greenup County|Greenville County|Greenwood County|Greer County|Gregg County|Gregory County|Grenada County|Griggs County|Grimes County|Grundy County|Guadalupe County|Guernsey County|Guilford County|Gulf County|Gunnison County|Guthrie County|Gwinnett County|Haakon County|Habersham County|Hale County|Halifax County|Hall County|Hamblen County|Hamilton County|Hamlin County|Hampden County|Hampshire County|Hampton County|Hampton city|Hancock County|Hand County|Hanover County|Hansford County|Hanson County|Haralson County|Hardee County|Hardeman County|Hardin County|Harding County|Hardy County|Harford County|Harlan County|Harmon County|Harnett County|Harney County|Harper County|Harris County|Harrison County|Harrisonburg city|Hart County|Hartford County|Hartley County|Harvey County|Haskell County|Hawkins County|Hayes County|Hays County|Haywood County|Heard County|Hemphill County|Hempstead County|Henderson County|Hendricks County|Hendry County|Hennepin County|Henrico County|Henry County|Herkimer County|Hernando County|Hertford County|Hettinger County|Hickman County|Hickory County|Hidalgo County|Highland County|Highlands County|Hill County|Hillsborough County|Hillsdale County|Hinds County|Hinsdale County|Hitchcock County|Hocking County|Hockley County|Hodgeman County|Hoke County|Holmes County|Holt County|Hood County|Hood River County|Hooker County|Hopewell city|Hopkins County|Horry County|Hot Spring County|Hot Springs County|Houghton County|Houston County|Howard County|Howell County|Hubbard County|Hudson County|Hudspeth County|Huerfano County|Hughes County|Humboldt County|Humphreys County|Hunt County|Hunterdon County|Huntingdon County|Huntington County|Huron County|Hutchinson County|Hyde County|Iberia Parish|Iberville Parish|Ida County|Idaho County|Imperial County|Independence County|Indian River County|Indiana County|Ingham County|Inyo County|Ionia County|Iosco County|Iowa County|Iredell County|Irion County|Iron County|Iroquois County|Irwin County|Isabella County|Isanti County|Island County|Isle of Wight County|Issaquena County|Itasca County|Itawamba County|Izard County|Jack County|Jackson County|Jackson Parish|James City County|Jasper County|Jay County|Jeff Davis County|Jefferson County|Jefferson Davis County|Jefferson Davis Parish|Jefferson Parish|Jenkins County|Jennings County|Jerauld County|Jerome County|Jersey County|Jessamine County|Jewell County|Jim Hogg County|Jim Wells County|Jo Daviess County|Johnson County|Johnston County|Jones County|Josephine County|Juab County|Judith Basin County|Juneau County|Juniata County|Kalamazoo County|Kalkaska County|Kanabec County|Kanawha County|Kandiyohi County|Kane County|Kankakee County|Karnes County|Kaufman County|Kay County|Kearney County|Kearny County|Keith County|Kemper County|Kendall County|Kenedy County|Kennebec County|Kenosha County|Kent County|Kenton County|Keokuk County|Kern County|Kerr County|Kershaw County|Kewaunee County|Keweenaw County|Keya Paha County|Kidder County|Kimball County|Kimble County|King County|King George County|King William County|King and Queen County|Kingfisher County|Kingman County|Kings County|Kingsbury County|Kinney County|Kiowa County|Kit Carson County|Kitsap County|Kittitas County|Kittson County|Klamath County|Kleberg County|Klickitat County|Knott County|Knox County|Koochiching County|Kootenai County|Kosciusko County|Kossuth County|La Crosse County|La Paz County|La Plata County|La Salle County|La Salle Parish|LaGrange County|LaMoure County|LaPorte County|LaSalle County|Labette County|Lac qui Parle County|Lackawanna County|Laclede County|Lafayette County|Lafayette Parish|Lafourche Parish|Lake County|Lake of the Woods County|Lamar County|Lamb County|Lamoille County|Lampasas County|Lancaster County|Lander County|Lane County|Langlade County|Lanier County|Lapeer County|Laramie County|Larimer County|Larue County|Las Animas County|Lassen County|Latah County|Latimer County|Lauderdale County|Laurel County|Laurens County|Lavaca County|Lawrence County|Le Flore County|Le Sueur County|Lea County|Leake County|Leavenworth County|Lebanon County|Lee County|Leelanau County|Leflore County|Lehigh County|Lemhi County|Lenawee County|Lenoir County|Leon County|Leslie County|Letcher County|Levy County|Lewis County|Lewis and Clark County|Lexington County|Lexington city|Liberty County|Licking County|Limestone County|Lincoln County|Lincoln Parish|Linn County|Lipscomb County|Litchfield County|Little River County|Live Oak County|Livingston County|Livingston Parish|Llano County|Logan County|Long County|Lonoke County|Lorain County|Los Alamos County|Los Angeles County|Loudon County|Loudoun County|Louisa County|Loup County|Love County|Lowndes County|Lubbock County|Lucas County|Luce County|Lumpkin County|Luna County|Lunenburg County|Luzerne County|Lycoming County|Lyman County|Lynchburg city|Lynn County|Lyon County|Mackinac County|Macomb County|Macon County|Macoupin County|Madera County|Madison County|Madison Parish|Magoffin County|Mahaska County|Mahnomen County|Mahoning County|Major County|Malheur County|Manassas Park city|Manassas city|Manatee County|Manistee County|Manitowoc County|Marathon County|Marengo County|Maricopa County|Maries County|Marin County|Marinette County|Marion County|Mariposa County|Marlboro County|Marquette County|Marshall County|Martin County|Martinsville city|Mason County|Massac County|Matagorda County|Mathews County|Maury County|Maverick County|Mayes County|McClain County|McCone County|McCook County|McCormick County|McCracken County|McCreary County|McCulloch County|McCurtain County|McDonald County|McDonough County|McDowell County|McDuffie County|McHenry County|McIntosh County|McKean County|McKenzie County|McKinley County|McLean County|McLennan County|McLeod County|McMinn County|McMullen County|McNairy County|McPherson County|Meade County|Meagher County|Mecklenburg County|Mecosta County|Medina County|Meeker County|Meigs County|Mellette County|Menard County|Mendocino County|Menifee County|Menominee County|Merced County|Mercer County|Meriwether County|Merrick County|Merrimack County|Mesa County|Metcalfe County|Miami County|Miami-Dade County|Middlesex County|Midland County|Mifflin County|Milam County|Millard County|Mille Lacs County|Miller County|Mills County|Milwaukee County|Miner County|Mineral County|Mingo County|Minidoka County|Minnehaha County|Missaukee County|Mississippi County|Missoula County|Mitchell County|Mobile County|Modoc County|Moffat County|Mohave County|Moniteau County|Monmouth County|Mono County|Monona County|Monongalia County|Monroe County|Montague County|Montcalm County|Monterey County|Montezuma County|Montgomery County|Montmorency County|Montour County|Montrose County|Moody County|Moore County|Mora County|Morehouse Parish|Morgan County|Morrill County|Morris County|Morrison County|Morrow County|Morton County|Motley County|Moultrie County|Mountrail County|Mower County|Muhlenberg County|Multnomah County|Murray County|Muscatine County|Muscogee County|Muskegon County|Muskingum County|Muskogee County|Musselshell County|Nacogdoches County|Nance County|Nantucket County|Napa County|Nash County|Nassau County|Natchitoches Parish|Natrona County|Navajo County|Navarro County|Nelson County|Nemaha County|Neosho County|Neshoba County|Ness County|Nevada County|New Castle County|New Hanover County|New Haven County|New Kent County|New London County|New Madrid County|New York County|Newaygo County|Newberry County|Newport County|Newport News city|Newton County|Nez Perce County|Niagara County|Nicholas County|Nicollet County|Niobrara County|Noble County|Nobles County|Nodaway County|Nolan County|Norfolk County|Norfolk city|Norman County|Northampton County|Northumberland County|Norton County|Norton city|Nottoway County|Nowata County|Noxubee County|Nuckolls County|Nueces County|Nye County|O'Brien County|Oakland County|Obion County|Ocean County|Oceana County|Ochiltree County|Oconee County|Oconto County|Ogemaw County|Oglala Lakota County|Ogle County|Oglethorpe County|Ohio County|Okaloosa County|Okanogan County|Okeechobee County|Okfuskee County|Oklahoma County|Okmulgee County|Oktibbeha County|Oldham County|Oliver County|Olmsted County|Oneida County|Onondaga County|Onslow County|Ontario County|Ontonagon County|Orange County|Orangeburg County|Oregon County|Orleans County|Orleans Parish|Osage County|Osborne County|Osceola County|Oscoda County|Oswego County|Otero County|Otoe County|Otsego County|Ottawa County|Otter Tail County|Ouachita County|Ouachita Parish|Ouray County|Outagamie County|Overton County|Owen County|Owsley County|Owyhee County|Oxford County|Ozark County|Ozaukee County|Pacific County|Page County|Palm Beach County|Palo Alto County|Palo Pinto County|Pamlico County|Panola County|Park County|Parke County|Parker County|Parmer County|Pasco County|Pasquotank County|Passaic County|Patrick County|Paulding County|Pawnee County|Payette County|Payne County|Peach County|Pearl River County|Pecos County|Pembina County|Pemiscot County|Pend Oreille County|Pender County|Pendleton County|Pennington County|Penobscot County|Peoria County|Pepin County|Perkins County|Perquimans County|Perry County|Pershing County|Person County|Petersburg city|Petroleum County|Pettis County|Phelps County|Philadelphia County|Phillips County|Piatt County|Pickaway County|Pickens County|Pickett County|Pierce County|Pike County|Pima County|Pinal County|Pine County|Pinellas County|Pipestone County|Piscataquis County|Pitkin County|Pitt County|Pittsburg County|Pittsylvania County|Piute County|Placer County|Plaquemines Parish|Platte County|Pleasants County|Plumas County|Plymouth County|Pocahontas County|Poinsett County|Pointe Coupee Parish|Polk County|Pondera County|Pontotoc County|Pope County|Poquoson city|Portage County|Porter County|Portsmouth city|Posey County|Pottawatomie County|Pottawattamie County|Potter County|Powder River County|Powell County|Power County|Poweshiek County|Powhatan County|Prairie County|Pratt County|Preble County|Prentiss County|Presidio County|Presque Isle County|Preston County|Price County|Prince Edward County|Prince George County|Prince George's County|Prince William County|Providence County|Prowers County|Pueblo County|Pulaski County|Pushmataha County|Putnam County|Quay County|Queen Anne's County|Queens County|Quitman County|Rabun County|Racine County|Radford city|Rains County|Raleigh County|Ralls County|Ramsey County|Randall County|Randolph County|Rankin County|Ransom County|Rapides Parish|Rappahannock County|Ravalli County|Rawlins County|Ray County|Reagan County|Real County|Red Lake County|Red River County|Red River Parish|Red Willow County|Redwood County|Reeves County|Refugio County|Reno County|Rensselaer County|Renville County|Republic County|Reynolds County|Rhea County|Rice County|Rich County|Richardson County|Richland County|Richland Parish|Richmond County|Richmond city|Riley County|Ringgold County|Rio Arriba County|Rio Blanco County|Rio Grande County|Ripley County|Ritchie County|Riverside County|Roane County|Roanoke County|Roanoke city|Roberts County|Robertson County|Robeson County|Rock County|Rock Island County|Rockbridge County|Rockcastle County|Rockdale County|Rockingham County|Rockland County|Rockwall County|Roger Mills County|Rogers County|Rolette County|Rooks County|Roosevelt County|Roscommon County|Roseau County|Rosebud County|Ross County|Routt County|Rowan County|Runnels County|Rush County|Rusk County|Russell County|Rutherford County|Rutland County|Sabine County|Sabine Parish|Sac County|Sacramento County|Sagadahoc County|Saginaw County|Saguache County|Salem County|Salem city|Saline County|Salt Lake County|Saluda County|Sampson County|San Augustine County|San Benito County|San Bernardino County|San Diego County|San Francisco County|San Jacinto County|San Joaquin County|San Juan County|San Luis Obispo County|San Mateo County|San Miguel County|San Patricio County|San Saba County|Sanborn County|Sanders County|Sandoval County|Sandusky County|Sangamon County|Sanilac County|Sanpete County|Santa Barbara County|Santa Clara County|Santa Cruz County|Santa Fe County|Santa Rosa County|Sarasota County|Saratoga County|Sargent County|Sarpy County|Sauk County|Saunders County|Sawyer County|Schenectady County|Schleicher County|Schley County|Schoharie County|Schoolcraft County|Schuyler County|Schuylkill County|Scioto County|Scotland County|Scott County|Scotts Bluff County|Screven County|Scurry County|Searcy County|Sebastian County|Sedgwick County|Seminole County|Seneca County|Sequatchie County|Sequoyah County|Sevier County|Seward County|Shackelford County|Shannon County|Sharkey County|Sharp County|Shasta County|Shawano County|Shawnee County|Sheboygan County|Shelby County|Shenandoah County|Sherburne County|Sheridan County|Sherman County|Shiawassee County|Shoshone County|Sibley County|Sierra County|Silver Bow County|Simpson County|Sioux County|Siskiyou County|Skagit County|Skamania County|Slope County|Smith County|Smyth County|Snohomish County|Snyder County|Socorro County|Solano County|Somerset County|Somervell County|Sonoma County|Southampton County|Spalding County|Spartanburg County|Spencer County|Spink County|Spokane County|Spotsylvania County|St. Bernard Parish|St. Charles County|St. Charles Parish|St. Clair County|St. Croix County|St. Francis County|St. Francois County|St. Helena Parish|St. James Parish|St. John the Baptist Parish|St. Johns County|St. Joseph County|St. Landry Parish|St. Lawrence County|St. Louis County|St. Louis city|St. Lucie County|St. Martin Parish|St. Mary Parish|St. Mary's County|St. Tammany Parish|Stafford County|Stanislaus County|Stanley County|Stanly County|Stanton County|Stark County|Starke County|Starr County|Staunton city|Ste. Genevieve County|Stearns County|Steele County|Stephens County|Stephenson County|Sterling County|Steuben County|Stevens County|Stewart County|Stillwater County|Stoddard County|Stokes County|Stone County|Stonewall County|Storey County|Story County|Strafford County|Stutsman County|Sublette County|Suffolk County|Suffolk city|Sullivan County|Sully County|Summers County|Summit County|Sumner County|Sumter County|Sunflower County|Surry County|Susquehanna County|Sussex County|Sutter County|Sutton County|Suwannee County|Swain County|Sweet Grass County|Sweetwater County|Swift County|Swisher County|Switzerland County|Talbot County|Taliaferro County|Talladega County|Tallahatchie County|Tallapoosa County|Tama County|Taney County|Tangipahoa Parish|Taos County|Tarrant County|Tate County|Tattnall County|Taylor County|Tazewell County|Tehama County|Telfair County|Teller County|Tensas Parish|Terrebonne Parish|Terrell County|Terry County|Teton County|Texas County|Thayer County|Thomas County|Throckmorton County|Thurston County|Tift County|Tillamook County|Tillman County|Tioga County|Tippah County|Tippecanoe County|Tipton County|Tishomingo County|Titus County|Todd County|Tolland County|Tom Green County|Tompkins County|Tooele County|Toole County|Toombs County|Torrance County|Towner County|Towns County|Traill County|Transylvania County|Traverse County|Travis County|Treasure County|Trego County|Trempealeau County|Treutlen County|Trigg County|Trimble County|Trinity County|Tripp County|Troup County|Trousdale County|Trumbull County|Tucker County|Tulare County|Tulsa County|Tunica County|Tuolumne County|Turner County|Tuscaloosa County|Tuscarawas County|Tuscola County|Twiggs County|Twin Falls County|Tyler County|Tyrrell County|Uinta County|Uintah County|Ulster County|Umatilla County|Unicoi County|Union County|Union Parish|Upshur County|Upson County|Upton County|Utah County|Uvalde County|Val Verde County|Valencia County|Valley County|Van Buren County|Van Wert County|Van Zandt County|Vance County|Vanderburgh County|Venango County|Ventura County|Vermilion County|Vermilion Parish|Vermillion County|Vernon County|Vernon Parish|Victoria County|Vigo County|Vilas County|Vinton County|Virginia Beach city|Volusia County|Wabash County|Wabasha County|Wabaunsee County|Wadena County|Wagoner County|Wahkiakum County|Wake County|Wakulla County|Waldo County|Walker County|Walla Walla County|Wallace County|Waller County|Wallowa County|Walsh County|Walthall County|Walton County|Walworth County|Wapello County|Ward County|Ware County|Warren County|Warrick County|Wasatch County|Wasco County|Waseca County|Washakie County|Washburn County|Washington County|Washington Parish|Washita County|Washoe County|Washtenaw County|Watauga County|Watonwan County|Waukesha County|Waupaca County|Waushara County|Wayne County|Waynesboro city|Weakley County|Webb County|Weber County|Webster County|Webster Parish|Weld County|Wells County|West Baton Rouge Parish|West Carroll Parish|West Feliciana Parish|Westchester County|Westmoreland County|Weston County|Wetzel County|Wexford County|Wharton County|Whatcom County|Wheatland County|Wheeler County|White County|White Pine County|Whiteside County|Whitfield County|Whitley County|Whitman County|Wibaux County|Wichita County|Wicomico County|Wilbarger County|Wilcox County|Wilkes County|Wilkin County|Wilkinson County|Will County|Willacy County|Williams County|Williamsburg County|Williamsburg city|Williamson County|Wilson County|Winchester city|Windham County|Windsor County|Winkler County|Winn Parish|Winnebago County|Winneshiek County|Winona County|Winston County|Wirt County|Wise County|Wolfe County|Wood County|Woodbury County|Woodford County|Woodruff County|Woods County|Woodson County|Woodward County|Worcester County|Worth County|Wright County|Wyandot County|Wyandotte County|Wyoming County|Wythe County|Yadkin County|Yakima County|Yalobusha County|Yamhill County|Yancey County|Yankton County|Yates County|Yavapai County|Yazoo County|Yell County|Yellow Medicine County|Yellowstone County|Yoakum County|Yolo County|York County|Young County|Yuba County|Yuma County|Zapata County|Zavala County|Ziebach County,Categorical: must match allowable enumerations in TSV or '__MISSING__'.
ResStock,floor_area_m2,,,(engineered or not in TSV),,"Engineered numeric: computed in app/training, not user-entered directly."
ComStock,in.comstock_building_type,string,,Primary building type of model,Warehouse|LargeOffice|RetailStripmall|SmallHotel|PrimarySchool|SecondarySchool|RetailStandalone|LargeHotel|FullServiceRestaurant|Hospital|Outpatient|QuickServiceRestaurant|SmallOffice|MediumOffice,Categorical: must match allowable enumerations in TSV or '__MISSING__'.
ComStock,in.comstock_building_type_group,string,,A building categorization that consolidates multiple ComStock building types into single categories,Food Service|Mercantile|Office|Education|Healthcare|Lodging|Warehouse and Storage,Categorical: must match allowable enumerations in TSV or '__MISSING__'.
ComStock,in.building_subtype,string,,Building subtype of model,mediumoffice_nodatacenter|strip_mall_restaurant10|largeoffice_datacenter|mediumoffice_datacenter|strip_mall_restaurant0|strip_mall_restaurant40|NA|strip_mall_restaurant20|largeoffice_nodatacenter|strip_mall_restaurant30,Categorical: must match allowable enumerations in TSV or '__MISSING__'.
ComStock,in.floor_area_category,string,,Specifies the rentable area range of the building,_1000|over_1mil|500001_1mil,Categorical: must match allowable enumerations in TSV or '__MISSING__'.
ComStock,in.number_of_stories,float,,Building number of stories above grade,,Numeric: provide value in units from TSV; use NaN/blank to trigger missing handling.
ComStock,in.aspect_ratio,float,,Aspect ratio of building geometry which is the ratio of North/South Facade Length Relative to East/West Facade Length,,Numeric: provide value in units from TSV; use NaN/blank to trigger missing handling.
ComStock,in.wall_construction_type,string,,The type of construction used for exterior walls,SteelFramed|WoodFramed|Metal Building|Mass,Categorical: must match allowable enumerations in TSV or '__MISSING__'.
ComStock,in.window_to_wall_ratio_category,string,,The bin describing the building's window-to-wall ratio,2_10pct|_1pct|11_25pct|26_50pct|76_100pct|51_75pct,Categorical: must match allowable enumerations in TSV or '__MISSING__'.
ComStock,in.window_type,string,,Type of windows in the model,Double - No LowE - Tinted/Reflective - Aluminum|Single - No LowE - Clear - Wood|Single - No LowE - Clear - Aluminum|Single - No LowE - Tinted/Reflective - Wood|Double - LowE - Tinted/Reflective - Aluminum|Triple - LowE - Clear - Thermally Broken Aluminum|Double - LowE - Clear - Thermally Broken Aluminum|Double - No LowE - Clear - Aluminum|Triple - LowE - Tinted/Reflective - Thermally Broken Aluminum|Double - LowE - Clear - Aluminum|Double - LowE - Tinted/Reflective - Thermally Broken Aluminum|Single - No LowE - Tinted/Reflective - Aluminum,Categorical: must match allowable enumerations in TSV or '__MISSING__'.
ComStock,in.vintage,string,,A roughly decadal binning of building construction corresponding to CBECS 2018 vintage bins,1990 to 1999|2000 to 2012|1970 to 1979|1960 to 1969|2013 to 2018|1946 to 1959|Before 1946|1980 to 1989,Categorical: must match allowable enumerations in TSV or '__MISSING__'.
ComStock,in.year_built,string,,Year of original building construction,,Numeric: provide value in units from TSV; use NaN/blank to trigger missing handling.
ComStock,in.building_america_climate_zone,string,,DOE Building America climate zone,Mixed-Dry|Marine|Hot-Humid|Mixed-Humid|Very Cold|Subarctic|Hot-Dry|Cold,Categorical: must match allowable enumerations in TSV or '__MISSING__'.
ComStock,in.ashrae_iecc_climate_zone_2006,string,,ASHRAE Standard 169 - 2006 Climate Zone,1A|3B|6A|4B|4A|2A|7A|3C|3A|4C|6B|2B|7B|5A|5B,Categorical: must match allowable enumerations in TSV or '__MISSING__'.
ComStock,in.state,string,,Postal abbreviation of state,RI|WA|NM|DE|IA|MN|WV|NY|DC|AL|...too many to list,Categorical: must match allowable enumerations in TSV or '__MISSING__'.
ComStock,in.census_region_name,string,,Census region name,Midwest|South|West|Northeast,Categorical: must match allowable enumerations in TSV or '__MISSING__'.
ComStock,in.census_division_name,string,,Census division name,New England|South Atlantic|East North Central|West North Central|Middle Atlantic|East South Central|Pacific|Mountain|West South Central,Categorical: must match allowable enumerations in TSV or '__MISSING__'.
ComStock,in.cambium_grid_region,string,,Specifies Cambium grid region,AKGD|NEWEc|SPNOc|SRTVc|AKMS|RFCEc|FRCCc|AZNMc|RFCMc|MROEc|HIMS|SPSOc|HIOA|NYSTc|SRMVc|CAMXc|SRVCc|SRMWc|ERCTc|RFCWc|NWPPc|RMPAc|SRSOc|MROWc,Categorical: must match allowable enumerations in TSV or '__MISSING__'.
ComStock,in.iso_rto_region,string,,Electric system ISO/RTO region,ERCOT|CAISO|PJM|SPP|NEISO|MISO|NYISO,Categorical: must match allowable enumerations in TSV or '__MISSING__'.
ComStock,in.cluster_id,integer,,The identified for the geographic cluster ComStock uses to group together areas with similar building stocks,,Numeric: provide value in units from TSV; use NaN/blank to trigger missing handling.
ComStock,in.cluster_name,string,,The name for the geographic cluster ComStock uses to group together areas with similar building stocks,"the Tallahassee-Valdosta Area|Rural Upper Michigan, Door and Marinette Counties|Rural Climate Zone 3A|CA Climate Zone 7|the Evansville and the Shawnee National Forest Area|the Greater New York City Area|Rural Midwest Climate Zone 6A|the Greater Columbia-Fayetteville-Jefferson City-Joplin-Springfield-Wichita Areas|CA Climate Zone 8|Amarillo-Lubbock-Abilene-Midland-San Angelo|...too many to list",Categorical: must match allowable enumerations in TSV or '__MISSING__'.
ComStock,in.county_name,string,,State abbreviation and county name,"TX, Waller County|IN, Martin County|UT, Sevier County|MT, Custer County|AZ, Navajo County|IN, Perry County|MT, Granite County|TN, Lawrence County|IN, Clark County|KS, Morton County|...too many to list",Categorical: must match allowable enumerations in TSV or '__MISSING__'.
ComStock,in.weather_file_2018,string,,Weather file used for the 2018 AMY simulations,USA_VA_Wakefield.Muni.724019_2018.epw|USA_ID_Idaho.Falls.Rgnl.725785_2018.epw|USA_NY_Greater.Buffalo.Int.725280_2018.epw|USA_NE_Sidney.Muni.Amos.725610_2018.epw|USA_TX_Fort.Worth.Alliance.722594_2018.epw|USA_MI_Hillsdale.Municipal.725409_2018.epw|USA_VA_Hanover.Co.Muni.723084_2018.epw|USA_AL_Cairns.Aaf.722269_2018.epw|USA_WA_Fairchild.Afb.727855_2018.epw|USA_MI_Alpena.Phelps.Colli.726390_2018.epw|...too many to list,Categorical: must match allowable enumerations in TSV or '__MISSING__'.
ComStock,in.weather_file_tmy3,string,,Weather file used for the TMY3 simulations,King_Salmon_Arpt|Jackson_International_Ap|Rolla Natl AP|Memorial_Fld|Wise_Lonesome_Pine|Burns_Municipal_Arpt_Uo|Stockton_Metropolitan_Arpt|Salmon_Lemhi_Awos|Marshall_Ryan_Awos|Charleston_Intl_Arpt|...too many to list,Categorical: must match allowable enumerations in TSV or '__MISSING__'.
ComStock,in.hvac_system_type,string,,Building primary HVAC system type,Direct evap coolers with baseboard electric|PTAC with gas boiler|DOAS with fan coil district chilled water with district hot water|PSZ-HP|PVAV with district hot water reheat|PSZ-AC with electric coil|DOAS with fan coil chiller with boiler|PSZ-AC with gas boiler|DOAS with fan coil air-cooled chiller with district hot water|DOAS with fan coil chiller with baseboard electric|DOAS with fan coil district chilled water with baseboard electric|VAV chiller with PFP boxes|Baseboard electric|VAV district chilled water with district hot water reheat|PVAV with gas boiler reheat|VAV air-cooled chiller with PFP boxes|PSZ-AC district chilled water with electric coil|VAV district chilled water with gas boiler reheat|PTHP|VAV air-cooled chiller with gas boiler reheat|PVAV with PFP boxes|DOAS with VRF|PTAC with gas coil|DOAS with fan coil district chilled water with boiler|Residential forced air furnace|DOAS with water source heat pumps cooling tower with boiler|Gas unit heaters|PVAV with gas heat with electric reheat|VAV district chilled water with PFP boxes|DOAS with water source heat pumps with ground source heat pump|Direct evap coolers with forced air furnace|VAV air-cooled chiller with district hot water reheat|PSZ-AC with district hot water|PSZ-AC with gas coil|DOAS with fan coil air-cooled chiller with baseboard electric|PTAC with electric coil|Residential AC with residential forced air furnace|DOAS with fan coil air-cooled chiller with boiler|VAV chiller with district hot water reheat|DOAS with fan coil chiller with district hot water|VAV chiller with gas boiler reheat,Categorical: must match allowable enumerations in TSV or '__MISSING__'.
ComStock,in.hvac_category,string,,A basic categorization of HVAC system typologies,Other HVAC|Residential Style Central Systems|Multizone CAV/VAV|Small Packaged Unit|Zone-by-Zone,Categorical: must match allowable enumerations in TSV or '__MISSING__'.
ComStock,in.hvac_heat_type,string,,A basic categorization of the HVAC heating type,ASHP|District|WSHP|GSHP|Furnace|Electric Resistance|Boiler ,Categorical: must match allowable enumerations in TSV or '__MISSING__'.
ComStock,in.hvac_cool_type,string,,A basic categorization of the HVAC cooling type,DX|ASHP|District|WSHP|GSHP|None|ACC|WCC|Evaporative Cooling,Categorical: must match allowable enumerations in TSV or '__MISSING__'.
ComStock,in.hvac_vent_type,string,,A basic categorization of the HVAC ventilation type,DOAS+Zone terminal equipment|Central Single-zone RTU|Zone terminal equipment|Central Multi-zone VAV RTU|None|Residential forced air,Categorical: must match allowable enumerations in TSV or '__MISSING__'.
ComStock,in.hvac_combined_type,string,,"A combination of the HVAC ventilation, heating, and cooling categorizations",DOAS+Zone terminal equipment_GSHP_GSHP|Central Single-zone RTU_District_DX|Central Multi-zone VAV RTU_Electric Resistance_District|DOAS+Zone terminal equipment_WSHP_WSHP|Central Multi-zone VAV RTU_Furnace_DX|DOAS+Zone terminal equipment_Electric Resistance_ACC|DOAS+Zone terminal equipment_District_WCC|Central Multi-zone VAV RTU_District_WCC|Central Single-zone RTU_Furnace_DX|Zone terminal equipment_Electric Resistance_DX|Central Multi-zone VAV RTU_District_ACC|Zone terminal equipment_Boiler _DX|Central Multi-zone VAV RTU_District_DX|Central Multi-zone VAV RTU_Boiler _WCC|Central Single-zone RTU_Electric Resistance_Evaporative Cooling|Residential forced air_Furnace_DX|Central Single-zone RTU_ASHP_ASHP|DOAS+Zone terminal equipment_District_District|DOAS+Zone terminal equipment_District_ACC|DOAS+Zone terminal equipment_Electric Resistance_WCC|Central Single-zone RTU_Boiler _DX|DOAS+Zone terminal equipment_Electric Resistance_District|None_Electric Resistance_None|Central Single-zone RTU_Electric Resistance_DX|DOAS+Zone terminal equipment_Boiler _WCC|Central Multi-zone VAV RTU_District_District|Central Multi-zone VAV RTU_Boiler _District|Central Multi-zone VAV RTU_Electric Resistance_ACC|Central Single-zone RTU_Electric Resistance_District|Central Multi-zone VAV RTU_Boiler _DX|Central Multi-zone VAV RTU_Electric Resistance_WCC|Residential forced air_Furnace_None|Central Multi-zone VAV RTU_Boiler _ACC|DOAS+Zone terminal equipment_ASHP_ASHP|Zone terminal equipment_ASHP_ASHP|DOAS+Zone terminal equipment_Boiler _District|DOAS+Zone terminal equipment_Boiler _ACC|Zone terminal equipment_Furnace_None|Central Multi-zone VAV RTU_Electric Resistance_DX|Central Single-zone RTU_Furnace_Evaporative Cooling|Zone terminal equipment_Furnace_DX,Categorical: must match allowable enumerations in TSV or '__MISSING__'.
ComStock,in.heating_fuel,string,,Building primary HVAC heating fuel source,Electricity|NaturalGas|Propane|DistrictHeating|FuelOil,Categorical: must match allowable enumerations in TSV or '__MISSING__'.
ComStock,in.hvac_night_variability,string,,"Specifies the HVAC nighttime hvac operation used in model, which impacts fan and ventialtion behavior during unnoccupied times",night_fancycle_novent|night_fanon_vent|default_nochange|night_fancycle_vent,Categorical: must match allowable enumerations in TSV or '__MISSING__'.
ComStock,in.weekday_opening_time,float,hr,Building weekday start hour which impacts the start time of schedules,,Numeric: provide value in units from TSV; use NaN/blank to trigger missing handling.
ComStock,in.weekday_operating_hours,float,hr,Building duration of weekday hours of operation which influences duration of schedules,,Numeric: provide value in units from TSV; use NaN/blank to trigger missing handling.
ComStock,in.weekend_opening_time,float,hr,Building weekend start hour which impacts the start time of schedules,,Numeric: provide value in units from TSV; use NaN/blank to trigger missing handling.
ComStock,in.weekend_operating_hours,float,hr,Building duration of weekend hours of operation which influences duration of schedules,,Numeric: provide value in units from TSV; use NaN/blank to trigger missing handling.
ComStock,in.energy_code_followed_during_original_building_construction,string,,Specifies the date of contruction of the modeled building which impacts the assumed energy code year of building subsystems,ComStock DOE Ref Pre-1980|ComStock DEER 2011|ComStock DEER 2007|ComStock DEER Pre-1975|ComStock DEER 2015|ComStock DOE Ref 1980-2004|ComStock DEER 2017|ComStock DEER 1996|ComStock 90.1-2007|ComStock 90.1-2013|ComStock DEER 2014|ComStock 90.1-2004|ComStock DEER 1985|ComStock 90.1-2010|ComStock DEER 2003,Categorical: must match allowable enumerations in TSV or '__MISSING__'.
ComStock,in.energy_code_followed_during_last_hvac_replacement,string,,"Specifies the energy code used to determine HVAC system types, efficiencies, and controls",ComStock DOE Ref Pre-1980|ComStock DEER 2011|ComStock DEER 2007|ComStock DEER Pre-1975|ComStock DEER 2015|ComStock DEER 2017|ComStock DOE Ref 1980-2004|ComStock 90.1-2007|ComStock DEER 1996|ComStock 90.1-2013|ComStock DEER 2014|ComStock DEER 1985|ComStock 90.1-2004|ComStock 90.1-2010|ComStock DEER 2003,Categorical: must match allowable enumerations in TSV or '__MISSING__'.
ComStock,in.energy_code_followed_during_last_roof_replacement,string,,Specifies the energy code used to determine roof insulation values,ComStock DOE Ref Pre-1980|ComStock DEER 2011|ComStock DEER 2007|ComStock DEER Pre-1975|ComStock DEER 2015|ComStock DEER 2017|ComStock DOE Ref 1980-2004|ComStock 90.1-2007|ComStock DEER 1996|ComStock 90.1-2013|ComStock DEER 2014|ComStock 90.1-2004|ComStock DEER 1985|ComStock DEER 2003|ComStock 90.1-2010,Categorical: must match allowable enumerations in TSV or '__MISSING__'.
ComStock,in.energy_code_followed_during_last_walls_replacement,string,,Specifies the energy code used to determine wall insulation values,ComStock DEER 2011|ComStock DOE Ref Pre-1980|ComStock DEER 2007|ComStock DEER Pre-1975|ComStock DEER 2015|ComStock DOE Ref 1980-2004|ComStock DEER 2017|ComStock DEER 1996|ComStock 90.1-2007|ComStock DEER 2014|ComStock 90.1-2013|ComStock DEER 1985|ComStock 90.1-2004|ComStock 90.1-2010|ComStock DEER 2003,Categorical: must match allowable enumerations in TSV or '__MISSING__'.
ComStock,in.ownership_type,string,,Type of organization or legal entity that owns the building,leased|owner_occupied|state|local|federal,Categorical: must match allowable enumerations in TSV or '__MISSING__'.
ComStock,in.party_responsible_for_operation,string,,Who is responsible for the operation of the energy systems in the building,other|prop_manager|building_owner|building_owner_or_tenant,Categorical: must match allowable enumerations in TSV or '__MISSING__'.
ComStock,in.purchase_input_responsibility,string,,Who has the most direct input on decisions regarding pruchases of energy-related equipment,other|prop_manager|building_owner|building_owner_or_tenant,Categorical: must match allowable enumerations in TSV or '__MISSING__'.
ComStock,out.params.hdd65f,float,,heating degree days with a 65F base,,Numeric: provide value in units from TSV; use NaN/blank to trigger missing handling.
ComStock,out.params.hdd50f,float,,heating degree days with a 50F base,,Numeric: provide value in units from TSV; use NaN/blank to trigger missing handling.
ComStock,out.params.cdd65f,float,,cooling degree days with a 65F base,,Numeric: provide value in units from TSV; use NaN/blank to trigger missing handling.
ComStock,out.params.average_window_shgc,float,,Solar heat gain coefficient of windows,,Numeric: provide value in units from TSV; use NaN/blank to trigger missing handling.
ComStock,out.params.window_to_wall_ratio,float,,Ratio of window area to exterior facade area,,Numeric: provide value in units from TSV; use NaN/blank to trigger missing handling.
ComStock,out.params.building_fraction_heated,float,,Fraction of building that is served by a heating system,,Numeric: provide value in units from TSV; use NaN/blank to trigger missing handling.
ComStock,out.params.boiler_average_efficiency,float,,load weighted average thermal efficiency,,Numeric: provide value in units from TSV; use NaN/blank to trigger missing handling.
ComStock,out.params.average_heating_setpoint_max,float,c,Average maximum heating thermostat setpoint,,Numeric: provide value in units from TSV; use NaN/blank to trigger missing handling.
ComStock,out.params.average_heating_setpoint_min,float,c,Average minimum heating thermostat setpoint,,Numeric: provide value in units from TSV; use NaN/blank to trigger missing handling.
ComStock,out.params.hours_heating_setpoint_not_met,float,hr,Annual number of hours the building was not meeting the heating thermostat setpoint tolerance for all of its zones,,Numeric: provide value in units from TSV; use NaN/blank to trigger missing handling.
ComStock,out.params.average_outdoor_air_fraction,float,,Average outdoor air ventialtion fraction,,Numeric: provide value in units from TSV; use NaN/blank to trigger missing handling.
ComStock,floor_area_ft2,,,(engineered or not in TSV),,"Engineered numeric: computed in app/training, not user-entered directly."
ComStock,floor_area_m2,,,(engineered or not in TSV),,"Engineered numeric: computed in app/training, not user-entered directly."
ComStock,year_built_num,,,(engineered or not in TSV),,"Engineered numeric: computed in app/training, not user-entered directly."
ComStock,operating_hours_week,,,(engineered or not in TSV),,"Engineered numeric: computed in app/training, not user-entered directly."
ComStock,heating_setpoint_span_c,,,(engineered or not in TSV),,"Engineered numeric: computed in app/training, not user-entered directly."
